sandy stone beach ocean diver,#E6E2AF,#A7A37E,#EFECCA,#046380,#002F2F,sandy,a,stone,n,beach,n,ocean,a,diver,n
firenze,#468966,#FFF0A5,#FFB03B,#B64926,#8E2800,firenze,n
neutral blue,#FCFFF5,#D1DBBD,#91AA9D,#3E606F,#193441,neutral,a,blue,n
phaedra,#FF6138,#FFFF9D,#BEEB9F,#79BD8F,#00A388,phaedra,n
honey pot,#105B63,#FFFAD5,#FFD34E,#DB9E36,#BD4932,honey,n,pot,n
aspirin c,#225378,#1695A3,#ACF0F2,#F3FFE2,#EB7F00,aspirin,n,c,v
flat ui,#2C3E50,#E74C3C,#ECF0F1,#3498DB,#2980B9,flat,a,ui,n
1944 mustang,#000000,#263248,#7E8AA2,#FFFFFF,#FF9800,mustang,n
vitamin c,#004358,#1F8A70,#BEDB39,#FFE11A,#FD7400,vitamin,n,c,n
sea wolf,#DC3522,#D9CB9E,#374140,#2A2C2B,#1E1E20,sea,n,wolf,n
watermelon,#7D8A2E,#C9D787,#FFFFFF,#FFC0A9,#FF8598,watermelon,n
cherry cheesecake,#B9121B,#4C1B1B,#F6E497,#FCFAE1,#BD8D46,cherry,n,cheesecake,v
circus iii,#2E0927,#D90000,#FF2D00,#FF8C00,#04756F,circus,n,iii,n
tech office,#595241,#B8AE9C,#FFFFFF,#ACCFCC,#8A0917,tech,n,office,n
zen and tea,#10222B,#95AB63,#BDD684,#E2F0D6,#F6FFE0,zen,n,tea,n
cs 04,#F6F792,#333745,#77C4D3,#DAEDE2,#EA2E49,cs,n
vintage ralph lauren,#703030,#2F343B,#7E827A,#E3CDA4,#C77966,vintage,n,ralph,n,lauren,n
friends and foes,#2F2933,#01A2A6,#29D9C2,#BDF271,#FFFFA6,friends,n,foes,n
japanese garden,#D8CAA8,#5C832F,#284907,#382513,#363942,japanese,a,garden,n
orange on gray,#FFF8E3,#CCCC9F,#33332D,#9FB4CC,#DB4105,orange,n,gray,n
pear lemon fizz,#04BFBF,#CAFCD8,#F7E967,#A9CF54,#588F27,pear,a,lemon,n,fizz,n
granny smith apple,#85DB18,#CDE855,#F5F6D4,#A7C520,#493F0B,granny,n,smith,n,apple,n
28 x dusty petrol,#292929,#5B7876,#8F9E8B,#F2E6B6,#412A22,x,a,dusty,n,petrol,n
times changing,#332532,#644D52,#F77A52,#FF974F,#A49A87,times,n,changing,v
ocean sunset,#405952,#9C9B7A,#FFD393,#FF974F,#F54F29,ocean,a,sunset,n
birdfolio blues,#2B3A42,#3F5765,#BDD4DE,#EFEFEF,#FF530D,birdfolio,n,blues,n
gettysburg,#962D3E,#343642,#979C9C,#F2EBC7,#348899,gettysburg,n
garden swimming pool,#96CA2D,#B5E655,#EDF7F2,#4BB5C1,#7FC6BC,garden,n,swimming,n,pool,n
quiet cry,#1C1D21,#31353D,#445878,#92CDCF,#EEEFF7,quiet,a,cry,n
salmon on ice,#3E454C,#2185C5,#7ECEFD,#FFF6E5,#FF7F66,salmon,n,ice,n
cote azur,#00585F,#009393,#FFFCC4,#F0EDBB,#FF3800,cote,n,azur,n
pomegranate explosion,#63A69F,#F2E1AC,#F2836B,#F2594B,#CD2C24,pomegranate,n,explosion,n
orange on olive,#B4AF91,#787746,#40411E,#32331D,#C03000,orange,n,olive,a
ventana azul,#F2385A,#F5A503,#E9F1DF,#4AD9D9,#36B1BF,ventana,n,azul,v
afternoon chai,#CFC291,#FFF6C5,#A1E8D9,#FF712C,#695D46,afternoon,n,chai,n
view over the town,#FF5335,#B39C85,#306E73,#3B424D,#1D181F,view,n,town,n
oddend,#000000,#333333,#FF358B,#01B0F0,#AEEE00,oddend,n
dolores,#E8E595,#D0A825,#40627C,#26393D,#FFFAE4,dolores,n
red and smooth,#E7E8D1,#D3CEAA,#FBF7E4,#424242,#8E001C,red,a,smooth,v
mountains of burma,#354242,#ACEBAE,#FFFF9D,#C9DE55,#7D9100,mountains,n,burma,n
friends and foes,#2F2933,#01A2A6,#29D9C2,#BDF271,#FFFFA6,friends,n,foes,n
bogart,#DDDCC5,#958976,#611427,#1D2326,#6A6A61,bogart,n
optimist,#6C6E58,#3E423A,#417378,#A4CFBE,#F4F7D9,optimist,n
bloggy gradient blues,#E1E6FA,#C4D7ED,#ABC8E2,#375D81,#183152,bloggy,a,gradient,n,blues,n
keep the change,#6B0C22,#D9042B,#F4CB89,#588C8C,#011C26,keep,v,change,n
beach time,#96CEB4,#FFEEAD,#FF6F69,#FFCC5C,#AAD8B0,beach,n,time,n
corporate orange  blue,#304269,#91BED4,#D9E8F5,#FFFFFF,#F26101,corporate,a,orange,n,blue,n
flat design colors 1,#334D5C,#45B29D,#EFC94C,#E27A3F,#DF5A49,flat,a,design,n,colors,n
pistachio,#B0CC99,#677E52,#B7CA79,#F6E8B1,#89725B,pistachio,n
blue sky,#16193B,#35478C,#4E7AC7,#7FB2F0,#ADD5F7,blue,n,sky,n
this green,#00261C,#044D29,#168039,#45BF55,#96ED89,green,a
knotjustnautical,#2C3E50,#FC4349,#D7DADB,#6DBCDB,#FFFFFF,knotjustnautical,a
kayak,#36362C,#5D917D,#A8AD80,#E6D4A7,#825534,kayak,n
woman in purple dress,#F9E4AD,#E6B098,#CC4452,#723147,#31152B,woman,n,purple,a,dress,n
lollapalooza,#002635,#013440,#AB1A25,#D97925,#EFE7BE,lollapalooza,n
buddha in rain,#FF8000,#FFD933,#CCCC52,#8FB359,#192B33,buddha,n,rain,n
clean modern,#272F32,#9DBDC6,#FFFFFF,#FF3D2E,#DAEAEF,clean,a,modern,n
vintage card,#5C4B51,#8CBEB2,#F2EBBF,#F3B562,#F06060,vintage,n,card,n
salamander,#B8ECD7,#083643,#B1E001,#CEF09D,#476C5E,salamander,n
sun splash,#002F32,#42826C,#A5C77F,#FFC861,#C84663,sun,n,splash,n
avoidance,#5E0042,#2C2233,#005869,#00856A,#8DB500,avoidance,n
herbs and spice,#5A1F00,#D1570D,#FDE792,#477725,#A9CC66,herbs,n,spice,n
digerati,#52656B,#FF3B77,#CDFF00,#FFFFFF,#B8B89F,digerati,n
beetle bus goes jamba juice,#730046,#BFBB11,#FFC200,#E88801,#C93C00,beetle,n,bus,n,goes,v,jamba,a,juice,n
saffron umbrella,#24221F,#363F45,#4B5F6D,#5E7C88,#FEB41C,saffron,n,umbrella,n
elemental,#E64661,#FFA644,#998A2F,#2C594F,#002D40,elemental,n
appalachian spring,#C24704,#D9CC3C,#FFEB79,#A0E0A9,#00ADA7,appalachian,a,spring,n
subtlety of hue the spa,#484A47,#C1CE96,#ECEBF0,#687D77,#353129,subtlety,n,hue,n,spa,n
campfire,#588C7E,#F2E394,#F2AE72,#D96459,#8C4646,campfire,n
japanese garden,#BAB293,#A39770,#EFE4BD,#A32500,#2B2922,japanese,a,garden,n
dream,#174C4F,#207178,#FF9666,#FFE184,#F5E9BE,dream,n
aviator,#6A7059,#FDEEA7,#9BCC93,#1A9481,#003D5C,aviator,n
harbor,#D5FBFF,#9FBCBF,#647678,#2F3738,#59D8E6,harbor,n
red  hot,#450003,#5C0002,#94090D,#D40D12,#FF1D23,red,a,hot,n
citrus grove,#DB5800,#FF9000,#F0C600,#8EA106,#59631E,citrus,n,grove,n
dreams forever,#211426,#413659,#656F8C,#9BBFAB,#F2EFDF,dreams,n,forever,r
my portfolio,#F2F2F2,#C6E070,#91C46C,#287D7D,#1C344D,portfolio,n
settles accent,#EA6045,#F8CA4D,#F5E5C0,#3F5666,#2F3440,settles,n,accent,n
flat design colors,#334D5C,#45B29D,#EFC94C,#E27A3F,#DF5A49,flat,a,design,n,colors,n
black cherry mocha,#705B35,#C7B07B,#E8D9AC,#FFF6D9,#570026,black,a,cherry,n,mocha,n
bordeaux,#F7F2B2,#ADCF4F,#84815B,#4A1A2C,#8E3557,bordeaux,n
blue sky moisty,#1A1F2B,#30395C,#4A6491,#85A5CC,#D0E4F2,blue,a,sky,n,moisty,n
purple rain,#25064D,#36175E,#553285,#7B52AB,#9768D1,purple,n,rain,n
sunshine over glacier,#004056,#2C858D,#74CEB7,#C9FFD5,#FFFFCB,sunshine,n,glacier,a
fossil vintage,#CFCA4C,#FCF5BF,#9FE5C2,#5EB299,#745A33,fossil,a,vintage,n
organic pull 2,#776045,#A8C545,#DFD3B6,#FFFFFF,#0092B2,organic,a,pull,n
metropolitan,#CC3910,#F1F2C0,#CCC59E,#8FA68E,#332F29,metropolitan,n
citrus,#FF6600,#C13B00,#5E6D70,#424E4F,#1B1D1E,citrus,n
winter road,#1B1D26,#425955,#778C7A,#F1F2D8,#BFBD9F,winter,n,road,n
pink peppermint,#F6B1C3,#F0788C,#DE264C,#BC0D35,#A20D1E,pink,n,peppermint,n
happy mom,#3FB8AF,#7FC7AF,#DAD8A7,#FF9E9D,#FF3D7F,happy,a,mom,n
olde tyme,#597533,#332F28,#61B594,#E6DEA5,#C44E18,olde,n,tyme,n
midori and madoka,#0F2D40,#194759,#296B73,#3E8C84,#D8F2F0,midori,n,madoka,n
hipster haven,#42282F,#74A588,#D6CCAD,#DC9C76,#D6655A,hipster,n,haven,n
anggo djago,#002A4A,#17607D,#FFF1CE,#FF9311,#D64700,anggo,n,djago,n
bahamas,#003056,#04518C,#00A1D9,#47D9BF,#F2D03B,bahamas,n
cmon up,#13140F,#D4FF00,#E4FFE6,#68776C,#00D6DD,cmon,n
dogwoods on a dreary day,#FCFAD0,#A1A194,#5B605F,#464646,#A90641,dogwoods,n,dreary,a,day,n
bonsai sprouts,#302B1D,#3F522B,#737D26,#A99E46,#D9CB84,bonsai,n,sprouts,n
jejune,#289976,#67CC8E,#B1FF91,#FFE877,#FF5600,jejune,n
the kiss,#56626B,#6C9380,#C0CA55,#F07C6C,#AD5472,kiss,n
h a i t i  r e l i e f,#32450C,#717400,#DC8505,#EC5519,#BE2805,h,n,i,a,t,n,i,n,r,v,e,n,l,n,i,n,e,v,f,n
colors of rio,#E83A25,#FFE9A3,#98CC96,#004563,#191B28,colors,n,rio,n
derminc 02,#1A212C,#1D7872,#71B095,#DEDBA7,#D13F32,derminc,n
dspip blue,#3399CC,#67B8DE,#91C9E8,#B4DCED,#E8F8FF,dspip,n,blue,n
heirloom one,#C7B773,#E3DB9A,#F5FCD0,#B1C2B3,#778691,heirloom,n
saltillo,#7D2A35,#CC9258,#917A56,#B4BA6C,#FEFFC2,saltillo,n
green  dark blue,#FFFFFF,#AEAEAE,#E64C66,#2D3E50,#1BBC9B,green,a,dark,n,blue,n
halow summer 06,#E7E9D1,#D3D4AA,#FCFAE6,#444444,#901808,halow,a,summer,n
only human,#E0FFB3,#61C791,#31797D,#2A2F36,#F23C55,only,r,human,a
painted peacock,#E6DD00,#8CB302,#008C74,#004C66,#332B40,painted,v,peacock,n
black math,#EB5937,#1C1919,#403D3C,#456F74,#D3CBBD,black,a,math,n
cinnamon mint,#14A697,#F2C12E,#F29D35,#F27649,#F25252,cinnamon,n,mint,n
dragonfly sun,#261822,#40152A,#731630,#CC1E2C,#FF5434,dragonfly,n,sun,n
copy of vintage card,#5C4B51,#8CBEB2,#F2EBBF,#F3B562,#F06060,copy,n,vintage,n,card,n
sushi maki,#261F27,#FEE169,#CDD452,#F9722E,#C9313D,sushi,n,maki,n
here we are,#3F0B1B,#7A1631,#CF423C,#FC7D49,#FFD462,here,r,are,v
early winter morning,#2F3837,#C5C7B6,#FFF8D3,#4C493E,#222028,early,a,winter,n,morning,n
london underground,#E3CBAC,#9C9985,#C46D3B,#788880,#324654,london,n,underground,n
modern office,#14212B,#293845,#4F6373,#8F8164,#D9D7AC,modern,a,office,n
moon landing,#98A89E,#BAC0AC,#FAFAC6,#FF4411,#D40015,moon,n,landing,n
beachside shopping,#FEFFFF,#3C3F36,#9FB03E,#EBE9DC,#72918B,shopping,n
son,#CC6B32,#FFAB48,#FFE7AD,#A7C9AE,#888A63,son,n
cherry bomb,#262526,#404040,#8C8979,#F2F2F2,#F60A20,cherry,n,bomb,n
corporate blew,#00305A,#004B8D,#0074D9,#4192D9,#7ABAF2,corporate,a,blew,n
freshaliciousness,#0C273D,#54D0ED,#FFFEF1,#70B85D,#2C5E2E,freshaliciousness,n
japanese lanterns,#4C1B33,#EFE672,#98A942,#2D6960,#141D14,japanese,a,lanterns,n
qb studio,#FFBC67,#DA727E,#AC6C82,#685C79,#455C7B,qb,n,studio,n
tears of a clownfish,#0D1F30,#3B6670,#8BADA3,#F0E3C0,#DB6C0F,tears,n,clownfish,n
das boot,#2F3540,#666A73,#F2EDE4,#D9D1C7,#8C8681,das,n,boot,n
moon,#092140,#024959,#F2C777,#F24738,#BF2A2A,moon,n
sonic threshold,#C4D4CB,#55665E,#30282A,#542733,#E84167,sonic,a,threshold,n
business casual,#133463,#365FB7,#799AE0,#F4EFDC,#BA9B65,business,n,casual,n
vintage blue,#CDDEC6,#4DAAAB,#1E4F6A,#2A423C,#93A189,vintage,n,blue,n
orange crush,#EF5411,#FA5B0F,#FF6517,#FF6D1F,#FF822E,orange,n,crush,n
call me chatime,#F2385A,#F5A503,#E9F1DF,#56D9CD,#3AA1BF,call,v,chatime,a
transitional life,#D5F8B4,#A6E3A8,#8A9A85,#7E566B,#422335,transitional,a,life,n
milan week,#41434A,#6E9489,#DEDCC3,#F2F1E9,#877963,milan,n,week,n
oahu,#292929,#2BBFBD,#F2B33D,#F29B30,#F22E2E,oahu,n
draw with me,#3CBAC8,#93EDD4,#F3F5C4,#F9CB8F,#F19181,draw,n
retro air,#404040,#024959,#037E8C,#F2EFDC,#F24C27,retro,n,air,n
modern retro,#979926,#38CCB5,#EEFF8E,#FFD767,#CC2A09,modern,a,retro,n
blackcurrent birds,#94B34D,#D3FF82,#363D52,#121D2B,#111B1C,blackcurrent,n,birds,n
oil flame,#282E33,#25373A,#164852,#495E67,#FF3838,oil,n,flame,n
paris,#FFFFFF,#E5E1D1,#52616D,#2C343B,#C44741,paris,n
corporate orange,#313732,#8AA8B0,#DEDEDE,#FFFFFF,#F26101,corporate,a,orange,n
thanks a latte,#FFF6B8,#ABCCA7,#403529,#7A5E2F,#A68236,thanks,n,latte,n
veerle bio,#4F1025,#C5003E,#D9FF5B,#78AA00,#15362D,veerle,n,bio,n
beach umbrella,#FF2151,#FF7729,#FFAD29,#FFEBCA,#1AB58A,beach,n,umbrella,n
window light lavender,#49404F,#596166,#D1FFCD,#A9BD8B,#948A54,window,n,light,n,lavender,n
johnny cash tribute,#73603D,#BF8A49,#F2CA80,#5E5A59,#0D0D0D,johnny,n,cash,n,tribute,n
dribble,#3D4C53,#70B7BA,#F1433F,#E7E1D4,#FFFFFF,dribble,a
limekiln,#006D8D,#008A6E,#549E39,#8AB833,#C0CF3A,limekiln,n
vintage green,#BDDFB3,#2BAA9C,#2F2E2E,#0F2625,#465F3F,vintage,n,green,n
french,#76A19A,#272123,#A68D60,#B0C5BB,#D9593D,french,a
red embrace,#F2F2F2,#BF0404,#8C0303,#590202,#400101,red,a,embrace,n
avant,#0E3D59,#88A61B,#F29F05,#F25C05,#D92525,avant,n
sunset camping,#2D112C,#530031,#820233,#CA293E,#EF4339,sunset,n,camping,n
copy of granada  azafran,#57385C,#A75265,#EC7263,#FEBE7E,#FFEDBC,copy,n,granada,n,azafran,n
spring happiness,#AF7575,#EFD8A1,#BCD693,#AFD7DB,#3D9CA8,spring,n,happiness,n
the architect,#C1E1ED,#76C7C6,#273D3B,#131A19,#E35C14,architect,n
soft,#0092C7,#9FE0F6,#F3E59A,#F3B59B,#F29C9C,soft,a
clean and simple,#D74B4B,#DCDDD8,#475F77,#354B5E,#FFFFFF,clean,a,simple,a
cirque,#96526B,#D17869,#EBAD60,#F5CF66,#8BAB8D,cirque,n
beach glass,#FFF6C9,#C8E8C7,#A4DEAB,#85CC9F,#499E8D,beach,n,glass,n
hovannes shiraz,#229396,#8BA88F,#C7C5A7,#F0DFD0,#F23C3C,hovannes,n,shiraz,n
firefly in the night,#0D1C33,#17373C,#2B6832,#4F9300,#A1D700,firefly,n,night,n
buoy,#1B2B32,#37646F,#A3ABAF,#E1E7E8,#B22E2F,buoy,n
cinderella from nam,#425957,#81AC8B,#F2E5A2,#F89883,#D96666,cinderella,n,nam,a
teal  orange,#002E40,#2A5769,#FFFFFF,#FABD4A,#FA9600,teal,n,orange,n
various vintage ver 01,#C5D9B2,#53A194,#572C2C,#3D2324,#695A3B,various,a,vintage,n,ver,n
laboratory,#FFFEFC,#E2E3DF,#515B5E,#2E3233,#CAF200,laboratory,n
summer twilight,#3B596A,#427676,#3F9A82,#A1CD73,#ECDB60,summer,n,twilight,n
first impressions,#FFF0A3,#B8CC6E,#4B6000,#E4F8FF,#004460,first,a,impressions,n
retro package,#F2E6CE,#8AB39F,#606362,#593325,#1D1D1F,retro,n,package,n
conky,#212B40,#C2E078,#FFFFFF,#BADCDD,#547B97,conky,n
blues,#0B3C4D,#0E5066,#136480,#127899,#1A8BB3,blues,n
faber castell campaign,#325A66,#FFF8B2,#DEA140,#A32B26,#590D0B,faber,n,castell,n,campaign,n
martinis at lunchtime,#222130,#464D57,#D4E8D3,#FFFCFB,#ED8917,martinis,n,lunchtime,n
five oranges,#B33600,#FF8A00,#FFC887,#CC5400,#B31E00,oranges,n
mind warp,#012530,#28544B,#ACBD86,#FFD6A0,#FF302C,mind,n,warp,n
agave,#2E95A3,#50B8B4,#C6FFFA,#E2FFA8,#D6E055,agave,n
alternative bananas,#112F41,#068587,#4FB99F,#F2B134,#ED553B,alternative,a,bananas,n
brilliant vintage,#302B2F,#696153,#FFA600,#9BB58F,#FFD596,brilliant,a,vintage,n
miami sunset,#FFAA5C,#DA727E,#AC6C82,#685C79,#455C7B,miami,n,sunset,n
the bizzniss,#202B30,#4E7178,#4FA9B8,#74C0CF,#F1F7E2,bizzniss,n
franky demon,#22475E,#75B08A,#F0E797,#FF9D84,#FF5460,franky,n,demon,n
coolgrays,#686E75,#9BAAC1,#82787B,#E4F1DB,#AAC19B,coolgrays,n
mwad,#70E8CB,#FFE9C7,#FF5B5B,#545454,#2D2D2F,mwad,n
creamy grey,#FFFBDC,#BFBCA5,#7F7D6E,#3F3E37,#E5E2C6,creamy,n,grey,n
banana flambe,#F0C755,#E2AD3B,#BF5C00,#901811,#5C110F,banana,n,flambe,n
refreshing melon,#F7E4A2,#A7BD5B,#DC574E,#8DC7B8,#ED9355,refreshing,v,melon,n
sparkling sife,#17111A,#321433,#660C47,#B33467,#CCBB51,sparkling,v,sife,n
mute mint,#1B1E26,#F2EFBD,#B6D051,#70A99A,#2F6D7A,mute,n,mint,n
winter splendor,#BEBEBE,#F1E4D8,#594735,#94C7BA,#D8F1E4,winter,n,splendor,n
ground control to major tom,#2B2E2E,#595855,#A2ABA5,#CAE6E8,#313F54,ground,n,control,n,major,a,tom,n
cloud in the sky,#023B47,#295E52,#F2E085,#FCAB55,#EE7F38,cloud,n,sky,n
crying in the rain,#302C29,#D1D1BC,#A7C4BB,#6C8C84,#466964,crying,v,rain,n
stream in,#2C3E50,#FC4349,#6DBCDB,#D7DADB,#FFFFFF,stream,n
step into the light,#212629,#067778,#49B8A8,#85EDB6,#D9E5CD,step,n,light,n
copy of flat design colors v 2,#334D5C,#45B29D,#EFC94C,#E27A3F,#DF4949,copy,n,flat,a,design,n,colors,n,v,v
retro,#024959,#037E8C,#FFFFFA,#F24C27,#5F5448,retro,n
siberian winter,#35262D,#FFFBFF,#E8ECED,#A4B7BB,#76A0B0,siberian,a,winter,n
park avenue shift,#61E8D2,#FCEEB9,#302F25,#704623,#BBE687,park,n,avenue,n,shift,n
gradient green,#E1E6B9,#C4D7A4,#ABC8A4,#375D3B,#183128,gradient,n,green,n
indian earthy,#C98B2F,#803C27,#C56520,#E1B41B,#807916,indian,a,earthy,n
retro vintage,#524656,#CF4747,#EA7A58,#E4DCCB,#A6C4BC,retro,n,vintage,n
chuck howard poster,#A3D9B0,#93BF9E,#F2F0D5,#8C8474,#40362E,chuck,n,howard,n,poster,n
summer daydream,#5C2849,#A73E5C,#EC4863,#FFDA66,#1FCECB,summer,n,daydream,n
bagway gradient,#5C2849,#A73E5C,#EC4863,#FF733F,#FFD285,bagway,r,gradient,n
blue for marine brochure,#0EEAFF,#15A9FA,#1B76FF,#1C3FFD,#2C1DFF,blue,n,marine,a,brochure,n
tool,#010000,#393845,#9B96A3,#5C0009,#940315,tool,n
adobe ideas theme,#404040,#024959,#037E8C,#F2EFDC,#F24C27,adobe,n,ideas,n,theme,n
stay summer,#468071,#FFE87A,#FFCA53,#FF893B,#E62738,stay,n,summer,n
for juliette,#FF765E,#C2AE8B,#FCCF65,#FFE5C6,#B7BDC4,juliette,n
olive tree,#003647,#00717D,#F2D8A7,#A4A66A,#515932,olive,a,tree,n
rise,#2B3A42,#3F5765,#BDD4DE,#EFEFEF,#E74C3C,rise,n
the lady is a spy,#3B3B3B,#A8877E,#FFA49D,#FF7474,#FF476C,lady,n,is,v,spy,n
identification,#0A3A4A,#196674,#33A6B2,#9AC836,#D0E64B,identification,n
avoid the norm,#FFA340,#38001C,#571133,#017A74,#00C2BA,avoid,v,norm,n
elevation,#FAFAC0,#C4BE90,#8C644C,#594D37,#293033,elevation,n
feeling etsy,#DCEBDD,#A0D5D6,#789AA1,#304345,#AD9A27,feeling,v,etsy,n
autumn berries,#588C7E,#F2E394,#F2AE72,#D96459,#8C4646,autumn,n,berries,n
black swan,#010712,#13171F,#1C1F26,#24262D,#961227,black,a,swan,n
landscape architect,#F0E6B1,#B5D6AA,#99A37A,#70584B,#3D3536,landscape,n,architect,n
desert,#C74029,#FAE8CD,#128085,#385052,#F0AD44,desert,n
fresh money,#2F400D,#8CBF26,#A8CA65,#E8E5B0,#419184,fresh,a,money,n
suburban surfer,#403F33,#6E755F,#AFC2AA,#FFDEA1,#E64C10,suburban,n,surfer,n
pearberry,#FFFFE4,#F2E5BD,#B9BF8E,#A69F7C,#8C6865,pearberry,n
furious,#E0401C,#E6B051,#272F30,#F7EDB7,#9E2B20,furious,a
skin tone colours,#FFE2C5,#FFEEDD,#FFDDAA,#FFC484,#FFDD99,skin,n,tone,n,colours,n
waterlime,#5C8A2D,#AFD687,#FFFFFF,#00C3A9,#008798,waterlime,n
paparazzi,#4F3130,#FF1F3D,#5BE3E3,#FDFFF1,#8B9698,paparazzi,n
magellan orange,#D23600,#D95100,#DE6D00,#EE8900,#FCA600,magellan,n,orange,n
tasty,#F34A53,#FAE3B4,#AAC789,#437356,#1E4147,tasty,n
copy of stormy orange,#FFFFFA,#A1A194,#5B605F,#464646,#FF6600,copy,n,stormy,n,orange,n
mountains,#012340,#026873,#83A603,#BBBF45,#F2F0CE,mountains,n
oregon coast,#21455B,#567D8C,#A59E8C,#8C8372,#F2F2F2,oregon,n,coast,n
satellite of love,#FDFF98,#A7DB9E,#211426,#6B073B,#DA8C25,satellite,n,love,n
blue jeans and,#2A7A8C,#176273,#063540,#E6D9CF,#403D3A,blue,a,jeans,n
october full moon,#002F36,#142426,#D1B748,#EDDB43,#FFFD84,full,a,moon,n
red hot revisited,#420000,#600000,#790000,#931111,#BF1616,red,a,hot,n,revisited,v
main cxcedar,#23A38F,#B7C11E,#EFF1C2,#F0563D,#2E313D,main,a,cxcedar,n
visual narrative a,#F5ECD9,#2BACB5,#B4CCB9,#E84D5B,#3B3B3B,visual,a
chlorophyll,#A5EB3C,#60C21E,#159E31,#53DB50,#C5FFCB,chlorophyll,n
seattle sunset,#324152,#47535E,#796466,#C1836A,#DEA677,seattle,a,sunset,n
cool blues orange accent,#0A111F,#263248,#7E8AA2,#E3E3E3,#C73226,cool,n,blues,n,orange,v,accent,n
robocolor,#263138,#406155,#7C9C71,#DBC297,#FF5755,robocolor,n
sprinkler days,#003B59,#00996D,#A5D900,#F2E926,#FF930E,sprinkler,n,days,n
mgswatch 2,#00A19A,#04BF9D,#F2E85C,#F53D54,#404040,mgswatch,n
wildflower,#036F73,#84CDC2,#FEF2D8,#F18C79,#EF504F,wildflower,n
graceful,#3E3947,#735360,#D68684,#F1B0B0,#EBD0C4,graceful,n
old camera,#174040,#888C65,#D9CA9C,#D98162,#A65858,old,a,camera,n
vanilla coffee,#A8BAA9,#FFF5CF,#DBCDAD,#B39C7D,#806854,vanilla,n,coffee,n
blue sky day,#56797F,#87A0A4,#FCFBDC,#F2DDB6,#A6937C,blue,a,sky,n,day,n
limestone quarry,#60655F,#AB9675,#FFE0C9,#D4CCBA,#CF8442,limestone,n,quarry,n
infographics 1,#0A7B83,#2AA876,#FFD265,#F19C65,#CE4D45,infographics,n
vintage green 2,#BDDFB3,#009D57,#2C372E,#0F2925,#465F3F,vintage,n,green,a
fmo actuel,#FFFFFF,#F4921E,#858585,#C5D2DB,#3E6B85,fmo,n,actuel,n
tibet inspiration,#11151E,#212426,#727564,#B9AA81,#690C07,tibet,n,inspiration,n
japanese modern,#000000,#910000,#CBB370,#FFFBF1,#21786C,japanese,a,modern,a
orange and blue corporate,#003354,#91BED4,#D9E8F5,#FFFFFF,#F26101,orange,n,blue,a,corporate,a
tenacity,#F78F00,#C43911,#75003C,#37154A,#0F2459,tenacity,n
21 flat business icons,#343844,#2AB69D,#E65848,#FDC536,#FCF2D7,flat,a,business,n,icons,n
the 50 s,#3DA8A4,#7ACCBE,#FFFFF7,#FF99A1,#FF5879,s,n
lime light and shady,#64C733,#F0F0F0,#3E879E,#57524D,#36302B,lime,n,light,n,shady,n
eduardo,#59535E,#FAEEFF,#F1BAF3,#5D4970,#372049,eduardo,n
rio,#E34517,#F5FF53,#B4E85E,#00BD72,#0B4239,rio,n
zen master ii,#5D7370,#7FA6A1,#B8D9B8,#D6EDBD,#FFF5BC,zen,n,master,n,ii,n
ancient star people,#A84B3A,#FF9F67,#233138,#FFF7F5,#4C646B,ancient,a,star,n,people,n
wage peace,#FF6F22,#D9984F,#FFE8A9,#3E4237,#32948A,wage,n,peace,n
soft,#7BA3A8,#F4F3DE,#BEAD92,#F35A4A,#5B4947,soft,a
ocean,#003840,#005A5B,#007369,#008C72,#02A676,ocean,n
yellow,#FFBE00,#FFDC00,#FFD10F,#FFDE20,#E8CA00,yellow,n
blues,#E1E6FA,#C4D7ED,#ABC8E2,#375D81,#183152,blues,n
beach glass 2,#EBD096,#D1B882,#5D8A66,#1A6566,#21445B,beach,n,glass,n
flat rainbow,#F15A5A,#F0C419,#4EBA6F,#2D95BF,#955BA5,flat,a,rainbow,n
the play instinct,#222526,#FFBB6E,#F28D00,#D94F00,#80203B,play,n,instinct,n
antigravity,#F00807,#5F6273,#A4ABBF,#CCC9D1,#E2E1E9,antigravity,n
prep school pendant,#BA2F1D,#FFF8A4,#F5E67F,#264A59,#1E2C30,prep,a,school,n,pendant,n
obsolete advancements,#DFE0AF,#A4BAA2,#569492,#41505E,#383245,obsolete,a,advancements,n
clear,#152737,#2B4E69,#799AA5,#FFFFF0,#682321,clear,a
marie antoinette,#C44C51,#FFB6B8,#FFEFB6,#A2B5BF,#5F8CA3,marie,n,antoinette,n
vintage blue dario,#5ADED4,#4DAAAB,#26596A,#163342,#6C98A1,vintage,n,blue,n,dario,n
citrus fizz,#FF5B2B,#B1221C,#34393E,#8CC6D7,#FFDA8C,citrus,n,fizz,n
civility,#3D4D4D,#99992E,#E6E666,#F2FFBF,#800033,civility,n
vintage red,#FFEBB0,#FFB05A,#F84322,#C33A1A,#9F3818,vintage,n,red,v
a light unto my pathway,#242424,#437346,#97D95C,#D9FF77,#E9EB9B,light,a,unto,a,pathway,n
habitat,#4D2B2F,#E57152,#E8DE67,#FFEFC3,#C0CCAB,habitat,n
beautiful landscapes,#3B3140,#BFB8A3,#F2E0C9,#F2B9AC,#D97E7E,beautiful,a,landscapes,n
yes you can,#A82221,#DB5E31,#EDA23E,#F2CB67,#BFB840,yes,r,can,v
tool remix,#000001,#313634,#C7CECF,#5C0402,#941515,tool,n,remix,n
cool professional,#43464D,#9197A6,#D3DCF2,#7690CF,#48577D,cool,a,professional,n
nano  vrimo one,#EFDFBB,#9EBEA6,#335D6A,#D64F2A,#7A8A7F,nano,r,vrimo,v
flat design colors 1,#334D5C,#45B29D,#EFC94C,#E27A3F,#DF5A49,flat,a,design,n,colors,n
moderne interieur,#F5F4E1,#D6C9B5,#B4AA97,#D44917,#82877A,moderne,a,interieur,n
business professional,#00132B,#7F9DB0,#C5E2ED,#FFFFFF,#F95900,business,n,professional,n
indigo,#1F3642,#6D968D,#B6CCB8,#FFE2B3,#56493F,indigo,n
pacific,#19162B,#1C425C,#6ABDC4,#F0E4C5,#D6C28F,pacific,n
candy coated,#F41C54,#FF9F00,#FBD506,#A8BF12,#00AAB5,candy,n,coated,v
vintage chocolate drizzle,#849972,#D9D094,#A6A23E,#4F2F1D,#8F5145,vintage,n,chocolate,n,drizzle,n
mar vintage,#DE3961,#A4E670,#FFFFDC,#B3EECC,#00ADA7,mar,n,vintage,n
flat graph,#E8E8E7,#57B196,#FFD25A,#FF837B,#362F3C,flat,a,graph,n
double latte,#140B04,#332312,#B59D75,#E3D2B4,#FFF7EA,double,r,latte,n
copy of cote azur gray,#00585F,#009393,#F5F3DC,#454445,#FF5828,copy,n,cote,n,azur,n,gray,n
purty,#FF6138,#FFFF9D,#BEEB9F,#79BD8F,#00A388,purty,n
iconoclasm,#ED3B3B,#171F26,#77B59C,#F2E7B1,#635656,iconoclasm,n
amsterdam,#46594B,#A6977C,#D9B384,#734F30,#260B01,amsterdam,n
flat parallax,#1D2939,#1CAF9A,#FFFFFF,#EE6456,#D1DC48,flat,a,parallax,n
skin tones,#E8C1B9,#FFB3AB,#FFCAB8,#E8B69C,#FFCEAB,skin,n,tones,n
strawberry vanilla chocolate,#CCB8A3,#FF8FB1,#FFF5EA,#4E382F,#B29882,strawberry,n,vanilla,n,chocolate,n
vintage american,#B70000,#FFFFFF,#FFCA3D,#94C4F4,#0092B3,vintage,n,american,a
coney island,#053B44,#06736C,#A53539,#B9543C,#EAD075,coney,n,island,n
knight drive,#E7F2DF,#69043B,#59023B,#231E2D,#161726,knight,n,drive,n
health food store,#DE7047,#FFDE8D,#FFFFFF,#CDDE47,#528540,health,n,food,n,store,n
moxy,#2C3E50,#E74C3C,#ECF0F1,#3498DB,#646464,moxy,n
bike riders,#E82B1E,#E5DEAF,#A0B688,#557A66,#453625,bike,n,riders,n
fresh  creative flat colors,#E9662C,#EBAF3C,#00AC65,#068894,#2B2B2B,fresh,a,creative,a,flat,a,colors,n
mockingbird,#8EAB99,#40232B,#D95829,#D97338,#DEC085,mockingbird,n
sweet street dessert,#F1E6D4,#BA3D49,#791F33,#9F9694,#E3E1DC,sweet,a,street,n,dessert,n
amor azul,#CED59F,#F1EDC0,#B1BEA4,#647168,#282828,amor,n,azul,n
wine olives and cheese,#170F0E,#290418,#505217,#FFD372,#FFF1AF,wine,n,olives,n,cheese,n
corporate orange  olive,#46483C,#A0AA8F,#EBE3CB,#FFFFFF,#F26101,corporate,a,orange,n,olive,n
detical,#263545,#C4273C,#D7DADB,#6DBCDB,#FFFFFF,detical,a
misty sky,#DCFAC0,#B1E1AE,#85C79C,#56AE8B,#00968B,misty,n,sky,n
green thumb,#075807,#097609,#70AF1A,#B9D40B,#E5EB0B,green,a,thumb,n
mad men,#521000,#712800,#744E1D,#879666,#F1D98C,mad,a,men,n
watercolor moon,#261F26,#3F3B40,#6C7367,#BFBF8A,#F2E086,watercolor,n,moon,n
straightbook light,#2C3E50,#FC4349,#D7DADB,#6DBCDB,#FFFFFF,straightbook,n,light,n
amorcita,#011826,#023859,#03658C,#049DBF,#F1F2EB,amorcita,n
warm and nice,#1B3E59,#F2F0F0,#FFAC00,#BF0404,#730202,warm,n,nice,a
driven,#506D7D,#94CCB9,#FFECA7,#FFB170,#F07D65,driven,n
posters,#3F4036,#8DA681,#F2E1C2,#BF2806,#8C1D04,posters,n
cvreative giants,#195073,#7F8C1F,#EE913F,#F2E5BD,#9FD7C7,cvreative,a,giants,n
settle,#EA6045,#F8CA4D,#F5E5C0,#3F5666,#2F3440,settle,v
zoidberg,#F95759,#FDA099,#FFFFFF,#D9F3CB,#8AC2B0,zoidberg,n
fall grass,#265573,#386D73,#81A68A,#9FBF8F,#D4D9B0,fall,n,grass,n
botany greens,#36CC7C,#D6FFBE,#94D794,#228765,#77A668,botany,n,greens,n
summer catalog  v 05,#E1DA36,#FFEA1B,#6FE4DA,#1DB0BC,#007BBC,summer,n,catalog,n,v,n
fresh 09,#2E806C,#76CC99,#E0FFED,#FF5F3A,#D2413C,fresh,a
retro rain,#FE4365,#FC9D9A,#F9CDAD,#C8C8A9,#83AF9B,retro,n,rain,n
jars of clay,#734854,#F2F2E9,#D9D7C5,#A69580,#736766,jars,n,clay,n
tastebud tickle,#94201F,#D4421F,#478A80,#D9E061,#F08835,tastebud,n,tickle,n
evening slumber,#00393B,#00766C,#44A18E,#E5EDB6,#F6695B,evening,v,slumber,n
camping,#F16233,#00B5B5,#F0F0F0,#3E4651,#5C6D7E,camping,v
shallow,#5FB0A8,#7FB09D,#98B08D,#ACB08D,#C0B08D,shallow,n
citrus,#F0E14C,#FFBB20,#FA7B12,#E85305,#59CC0D,citrus,n
good cop,#03497E,#0596D5,#9DEBFC,#8D7754,#FEB228,good,a,cop,n
into the blue,#00557C,#186D94,#3488AD,#81C1DC,#BBE5F3,blue,n
ice wine fruit,#DEE8D7,#918773,#420A1A,#240001,#4D493A,ice,n,wine,n,fruit,n
limb kulers,#FFFFFF,#CAC535,#97AF25,#158471,#41342C,limb,n,kulers,n
london,#02151A,#043A47,#087891,#C8C8C8,#B31D14,london,n
orange and lime,#FA8C01,#FF6405,#577700,#082400,#A0A600,orange,n,lime,n
green blue madness,#041F3D,#0B2E41,#165751,#448C61,#9AC16D,green,a,blue,n,madness,n
tasty,#F34A53,#FAE3B4,#AAC789,#437356,#1E4147,tasty,n
area 51 underground tunnel,#556354,#E68F0D,#8C948A,#495450,#42423F,area,n,underground,a,tunnel,n
french girl,#58838C,#DAD7C7,#BF996B,#BF5841,#A61C1C,french,a,girl,n
vintage poster,#351330,#CC2A41,#E7CAA4,#759A8A,#524549,vintage,n,poster,n
baby,#78C0F9,#FFDDCE,#FFFFFF,#FFDBE6,#FE86A4,baby,n
cool modern,#323640,#5B6470,#8C94A1,#BDC7D6,#DFE2FF,cool,n,modern,n
creative influence,#FF0000,#FF950B,#2FA88C,#DEEB00,#4B2C04,creative,a,influence,n
waka waka,#23363B,#A44F3F,#F8983D,#8D9151,#BBC946,waka,n,waka,n
hope springs eternal,#4B5657,#969481,#D2C9B0,#F4E3C1,#B6B835,hope,n,springs,n,eternal,a
kathychampion,#B8E1F2,#249AA7,#ABD25E,#F8C830,#F1594A,kathychampion,n
consumers versus marketers,#0F3D48,#174C5B,#366774,#ECECE7,#E96151,consumers,n,versus,v,marketers,n
fruity,#E8980C,#B1F543,#F2FF00,#FF5E00,#59BBAB,fruity,n
high tech,#849696,#FEFFFB,#232D33,#17384D,#FF972C,high,a,tech,n
happy hipster,#555555,#7BB38E,#F4F1D7,#F8AB65,#F15C4C,happy,a,hipster,n
flat design colors,#334D5C,#45B29D,#EFC94C,#E27A3F,#DF4949,flat,a,design,n,colors,n
iced tea,#1D3C42,#67BFAD,#F2EC99,#F2C48D,#F25050,iced,a,tea,n
spring asleep under snow,#FFFFF1,#D5FF9B,#8FB87F,#5A7B6C,#374E5A,spring,n,asleep,n,snow,n
feather friends,#FDEDD0,#BCF1ED,#FF634D,#FD795B,#FFF0AA,feather,n,friends,n
myown,#FFFFFF,#E5E1D1,#52616D,#2C343B,#C44741,myown,n
longwood palette 2,#002A4A,#17607D,#FFF1CE,#FF9311,#E33200,longwood,n,palette,n
durenceau 1,#F16663,#F48D6C,#F2E07B,#8ABE9B,#4A6D8B,durenceau,n
blue sky,#010340,#0E1E8C,#0003C7,#1510F0,#1441F7,blue,n,sky,n
shiny new shovel,#871E31,#CCC097,#9E9D7B,#687061,#262626,shiny,a,new,a,shovel,n
molamogollon,#A60039,#FF004E,#1BE7DC,#39C0BA,#2CA396,molamogollon,n
temple of love,#1D7561,#FC8448,#FF4138,#A8282B,#38141B,temple,n,love,n
pink brigade shades,#3D0D26,#660A3E,#891C56,#B0276F,#C93482,pink,n,brigade,v,shades,n
knjiga,#1D1626,#F2E0BD,#BFAA8F,#8C786C,#594C4C,knjiga,n
bossa nova,#001F11,#204709,#0C8558,#FFD96A,#FF4533,bossa,n,nova,n
wonderful,#BF0633,#FF484E,#FF9273,#D1D0B4,#E5ECED,wonderful,n
hey there,#665446,#809994,#AECCB6,#DEF2C4,#E6683F,hey,n
morning in afghanistan,#685D47,#913420,#1E2729,#C1D9C5,#FEEFB1,morning,n,afghanistan,n
sand and shade,#8E9E63,#E6DBB0,#F5EED7,#C4BCA0,#176573,sand,n,shade,n
down with corporate blues,#082136,#00294D,#004B8D,#0068C4,#2998FF,down,r,corporate,a,blues,n
lovers in prague,#3C4631,#9A746F,#F8A2AB,#F1C6B3,#EAE9C0,lovers,n,prague,n
frank lloyd wright,#352C2B,#3C555C,#9E9657,#FFEBCD,#CD5510,frank,n,lloyd,n,wright,v
high rollers,#FF534E,#FFD7AC,#BED194,#499989,#176785,high,a,rollers,n
soybean,#006D80,#BDA44D,#3C2000,#84CECC,#78A419,soybean,n
ramo de flores,#E15B64,#F27F62,#FBB36B,#ABBC85,#849B89,ramo,n,flores,n
infoready brand option 2,#2C3E50,#FC4349,#6DBCDB,#D7DADB,#FFFFFF,infoready,a,brand,n,option,n
skater,#18293B,#5B5A56,#F2DEA0,#D0B580,#FFFBFF,skater,n
muted rainbow,#B3A589,#FFB896,#FFF9B1,#9AB385,#11929E,muted,v,rainbow,n
berry soft olive,#523631,#D1BE91,#605E3A,#4D462F,#592F39,berry,n,soft,a,olive,n
shaken not stirred,#324032,#B7C22C,#FFFFE1,#22A8B5,#2A3F42,shaken,v,not,r,stirred,v
quick colors,#E8574C,#F27B29,#E6A51B,#D9CC3C,#399977,quick,a,colors,n
rainbud,#272433,#343F4F,#3D6066,#77994D,#B2D249,rainbud,n
classic vs vlassic,#7DA88C,#EBE9A0,#BED24B,#859132,#35323C,classic,a,vs,n,vlassic,n
nimbus,#023550,#028A9E,#04BFBF,#EFEFEF,#FF530D,nimbus,n
clouds in my coffee,#250701,#6D4320,#B0925F,#E7DEC0,#82ABB8,clouds,n,coffee,n
millenarian,#594732,#40342A,#7A422E,#D4CA9A,#EDE5AE,millenarian,n
pastel family,#3FB8AF,#7FC7AF,#DAD8A7,#FFB38B,#FF3F34,pastel,n,family,n
jamba juice,#CA3995,#F58220,#FFDF05,#BED73D,#61BC46,jamba,n,juice,n
modern classic,#143840,#5C6B63,#A69E89,#E0C297,#D96523,modern,a,classic,a
alternativegarden,#1A4F63,#068587,#6FB07F,#FCB03C,#FC5B3F,alternativegarden,n
mountain lake,#001325,#187072,#90BD90,#D7D8A2,#F2E4C2,mountain,n,lake,n
red hot edited,#FFE1D0,#FFBFB4,#FF837E,#FF4242,#BF1616,red,a,hot,n,edited,v
aint misbehavin,#E1F03E,#FFBA14,#DB3A0F,#A1003D,#630024,aint,n,misbehavin,n
urban greenery,#97B350,#333230,#736D61,#BAAB90,#FFE5BA,urban,a,greenery,n
28 x nordic kitchen,#403D33,#807966,#CCC2A3,#8C0000,#590000,x,a,nordic,a,kitchen,n
joyful christmas,#C4EEFF,#7BA32D,#094201,#A41717,#C48726,joyful,a,christmas,n
sweet sugar,#FE4365,#FC9D9A,#F9CDAD,#C8C8A9,#83AF9B,sweet,n,sugar,n
stjon,#BF355D,#ED8168,#FAB66A,#F2DC86,#83BFA1,stjon,n
vintage spring,#008B83,#4DAE83,#A0AE79,#FFE499,#FF665E,vintage,n,spring,n
organic panic,#5F8A42,#86AD59,#F6FAA1,#F28410,#D66011,organic,a,panic,n
liberal corporation,#293B47,#5F7A87,#FFFFFF,#CBFF48,#00ADA9,liberal,a,corporation,n
clouds of sadness,#212226,#45433F,#687067,#BDBB99,#F0EAC3,clouds,n,sadness,n
one for the masses,#282A33,#697371,#FFE7A6,#F5BA52,#FA8000,masses,n
follow your dreams,#5D7359,#E0D697,#D6AA5C,#8C5430,#661C0E,follow,v,dreams,n
orange and blue tomato,#324452,#97BDBF,#F2DFBB,#F28705,#BF3604,orange,n,blue,a,tomato,n
couture gold,#DC941B,#EDC266,#B6952C,#E1D3A6,#E9A119,couture,n,gold,n
explorations in clay,#EEEFB9,#6ACFAE,#369C93,#232928,#B03831,explorations,n,clay,n
first day,#2B2830,#5C504F,#ABAB8E,#D9D7A3,#C7BE88,first,r,day,n
bon noche,#060719,#4D1B2F,#9E332E,#EB6528,#FC9D1C,bon,n,noche,n
copy of aruba,#332F45,#015770,#2A8782,#9FD6AE,#FFFED2,copy,n,aruba,n
corporate blew,#00305A,#00448D,#0074D9,#4192D9,#7ABAF2,corporate,a,blew,n
beach with gray sky,#344459,#485F73,#5DA6A6,#A9D9CB,#F2EAD0,beach,n,gray,a,sky,n
sunny beach day,#96CEB4,#FFEEAD,#FF6F69,#FFCC5C,#AAD8B0,sunny,a,beach,n,day,n
american toy,#05F2F2,#04BFBF,#EEF1D9,#A60201,#7E100E,american,a,toy,n
blue grey,#E6F1F5,#636769,#AAB3B6,#6E7476,#4B4E50,blue,n,grey,n
popsicles,#DA0734,#F1A20D,#4AABB1,#FCF3E7,#3F1833,popsicles,n
vintage american,#CC3B37,#398899,#FFFCE8,#FF857F,#CCC1A3,vintage,n,american,a
magazine,#202D44,#FC4349,#6DBCDB,#D7DADB,#FFFFFF,magazine,n
california,#5DBEA9,#EFEDDF,#EF7247,#4E3F35,#D1CBBA,california,n
silver,#474143,#A69E9D,#E7E2DA,#FFFFFF,#E7E8E7,silver,n
amber waves,#FFC62D,#E49400,#DD5200,#EFE38A,#91B166,amber,n,waves,n
retro poster,#C71B1B,#D6BA8A,#017467,#E08F23,#0B0D0C,retro,n,poster,n
curry powder,#B67D14,#F2921F,#F0B23E,#A62409,#441208,curry,n,powder,n
primarycolors,#DB6968,#22C3AA,#305066,#0EA8E3,#CFE6FF,primarycolors,n
happiness,#6DD19D,#99E89D,#D0E8A1,#FFF9C0,#D40049,happiness,n
expo,#435772,#2DA4A8,#FEAA3A,#FD6041,#CF2257,expo,n
black knight,#000000,#141414,#1C1919,#1A1716,#24201F,black,a,knight,n
flat user interface 5,#195962,#F56F6C,#FFFFFF,#252932,#191C21,flat,a,user,n,interface,n
echo beach at dusk,#FAF1D5,#DEC9AC,#CCA18B,#11282D,#A5C4BB,echo,a,beach,n,dusk,n
old man winter  ver 04,#D5D8DD,#5CA2BE,#135487,#2A4353,#989DA4,old,a,man,n,winter,n,ver,n
mistaken identity,#91D6BC,#768C6A,#755F31,#B37215,#FFBA4B,mistaken,v,identity,n
cs 6,#73161E,#BF0F30,#BFB093,#037F8C,#0A2140,cs,n
metro,#F2E6BB,#DD4225,#202724,#63BD99,#F8FDD8,metro,n
sunshine in rain,#707864,#C1D74E,#F5FF7C,#DFE6B4,#A6B89C,sunshine,n,rain,n
hipster,#F8555E,#4C6A8D,#0C9DA9,#FBC38D,#F14440,hipster,n
siena,#762B1B,#807227,#CCBF7A,#FFEF98,#60B0A1,siena,n
essentially,#0A3A4A,#196A73,#32A6A6,#A1BF36,#C8D94A,essentially,r
cool world,#FFF7CC,#CCC28F,#70995C,#33664D,#142933,cool,a,world,n
tenhert the doe,#FFF3D2,#97B48F,#E87657,#FF9B6F,#E8D495,tenhert,v,doe,n
overheard,#33262E,#733230,#CC5539,#E6D27F,#86A677,overheard,n
will tura,#122430,#273E45,#FFFCE2,#EBD2B5,#E63531,will,v,tura,v
seaman,#30394F,#FF434C,#6ACEEB,#EDE8DF,#FFFBED,seaman,n
kureyon,#FFCD4A,#E6503B,#6AACB8,#E5E4C7,#FFFFEA,kureyon,n
my aspen gray,#43464D,#9197A6,#D3DCF2,#7690CF,#48577D,aspen,a,gray,n
audacity,#B52841,#FFC051,#FF8939,#E85F4D,#590051,audacity,n
band palette,#DFE0AF,#A4BAA2,#569492,#41505E,#383245,band,n,palette,n
a hipster palette,#42282E,#75A48B,#D9CFB0,#DC9B74,#D6665A,hipster,n,palette,n
nunally,#C8385A,#FFCF48,#ECEABE,#1FCECB,#1CA9C9,nunally,r
muriel,#DB4C39,#2D3638,#109489,#44D487,#D0DB86,muriel,n
marilyn monrose,#98293A,#B14A58,#C86C6B,#DE9D76,#EFC77F,marilyn,n,monrose,v
vintage beach wear,#473C35,#A36D5C,#9C968B,#D9CEAD,#8A866A,vintage,n,beach,n,wear,n
grass and sand,#6F8787,#AEC2AE,#E6DFAE,#B0B57B,#888F51,grass,n,sand,n
civil,#362F2D,#4C4C4C,#94B73E,#B5C0AF,#FAFDF2,civil,a
purple wants to talk,#2B1B2E,#54344D,#FFFFD6,#B89E95,#6E444F,purple,n,wants,v,talk,v
sunny leaves,#C1D301,#76AB01,#0E6A00,#083500,#042200,sunny,n,leaves,n
royal red,#453F22,#7A6B26,#CCAD5C,#A1191F,#4E1716,royal,n,red,v
bright is right,#FA2B31,#FFBF1F,#FFF146,#ABE319,#00C481,bright,n,is,v,right,a
beach mint,#6EC1A5,#9FBEA6,#F5D3A3,#FF9F88,#FB7878,beach,n,mint,n
cosy days,#2F252C,#D3CCB2,#99AD93,#6E6751,#5C3122,cosy,a,days,n
szymborska,#150033,#310D42,#5C2445,#AB6946,#FFCE4C,szymborska,n
gold,#F2DA91,#F2B950,#F29D35,#D96704,#BF4904,gold,n
copy of cc 02,#65A683,#218777,#3F585F,#47384D,#F53357,copy,n,cc,n
neofrog,#F0F1F2,#232625,#647362,#B3D929,#D2D9B8,neofrog,n
sailor man,#09455C,#527E7C,#F5FFCC,#E0EB6E,#C4D224,sailor,n,man,n
comfab,#23A38F,#B7C11E,#EFF1C2,#F0563D,#2E313D,comfab,n
vintage red cmyk,#A2CFA5,#E0E7AB,#F5974E,#E96B56,#D24344,vintage,n,red,v,cmyk,n
fruits,#FF2468,#E0D4B1,#FFFFE3,#00A5A6,#005B63,fruits,n
philosophy,#E65322,#D19552,#B8BF73,#B6DB83,#FFF991,philosophy,n
new alternative bananas,#112F41,#068587,#6FB07F,#FCB03C,#FC5B3F,new,a,alternative,a,bananas,n
overcast sky,#000623,#28475C,#4A6C74,#8BA693,#F0E3C0,overcast,n,sky,n
my favorite is van gogh,#C89B41,#A16B2B,#77312B,#1C2331,#152C52,favorite,a,is,v,van,a,gogh,n
copy of mini stats ui,#445859,#03A696,#49C4BE,#F1F2E4,#FF7746,copy,n,mini,n,stats,n,ui,v
throwback saltwater taffy,#C24366,#D9C099,#FFF8D8,#A8E0BA,#00ADA7,throwback,n,saltwater,n,taffy,n
italian restaurant,#CC0000,#006600,#FFFFEC,#9C9178,#6C644F,italian,a,restaurant,n
flat design colors v 2,#334D5C,#45B29D,#EFC94C,#E27A3F,#DF4949,flat,a,design,n,colors,n,v,v
blood orange flavour,#FFEBC3,#CC3A00,#FF3600,#FF851B,#800C00,blood,n,orange,n,flavour,n
fuji splash,#CFC7A4,#5A9E94,#005275,#002344,#A38650,fuji,n,splash,v
flat stamps,#EFC164,#F3835D,#F35955,#286275,#00434C,flat,a,stamps,n
lavender clouds,#E9F29D,#B7C29D,#878E8F,#67617A,#51456B,lavender,n,clouds,n
botticelli,#FA726C,#FFD794,#BAD174,#3BA686,#5F6F8C,botticelli,n
emotion intensity,#3D0319,#720435,#C1140E,#FC5008,#32241B,emotion,n,intensity,n
copy of flat colors,#0B2C3C,#FF6666,#DADFE1,#FFFFFF,#444444,copy,n,flat,a,colors,n
google flat 1,#4385F5,#DC4437,#FCBE1F,#109D59,#FFFFFF,google,n,flat,a
chocolate  chill jazz,#4D2B1F,#635D61,#7992A2,#97BFD5,#BFDCF5,chocolate,n,chill,n,jazz,n
spring,#1A222F,#008E74,#B2E097,#FFE9AD,#D24335,spring,n
adventures of tin tin,#CC4D00,#E6CF73,#668059,#264D4D,#00CCB3,adventures,n,tin,n,tin,n
subtlety of hue spring jackets,#302B26,#A6B827,#EDE9DD,#98D3D4,#594E7A,subtlety,n,hue,n,spring,n,jackets,n
endeavor 1,#CFF09E,#A8DBA8,#79BD9A,#3B8686,#0B486B,endeavor,n
manhattan tea,#271F2E,#A4A680,#F2EBC9,#D9B166,#A66B38,manhattan,n,tea,n
easy come easy go,#B52C38,#EBD1B0,#536682,#D9964B,#DE6846,easy,a,come,v,easy,a,go,v
mute gold bar,#F2F1DF,#F2B705,#F2C84B,#BF820F,#734002,mute,n,gold,n,bar,n
brownie,#26140C,#3D2216,#784E3D,#AB8574,#D6BCB1,brownie,n
old glory,#4B0505,#720707,#BFB694,#004659,#00292B,old,a,glory,n
spring rock,#8EC447,#FFFFFF,#96D3D4,#636466,#2D2D2E,spring,n,rock,n
light house,#1F8181,#F2BC79,#F28972,#BF1B39,#730240,light,n,house,n
morning coffee,#26221D,#8C2C0F,#E6E5B8,#BFB38D,#402D1F,morning,n,coffee,n
roast,#2D1E1E,#4B3C37,#96A576,#CDE196,#FFFFBE,roast,n
underwater kiss,#3D8080,#628282,#858383,#A38282,#C28080,underwater,a,kiss,n
copy of lollapalooza,#002635,#013440,#AB1A25,#D97925,#EFE7BE,copy,n,lollapalooza,n
romance,#F06060,#FA987D,#F7F2CB,#72CCA7,#10A296,romance,n
summer bliss,#DEDE91,#EF9950,#F34E52,#C91452,#492449,summer,n,bliss,n
tufte,#1D8281,#44BF87,#FBD258,#F29A3F,#DB634F,tufte,n
aqua,#DB073D,#EDE5F4,#8EC7D2,#0D6986,#07485B,aqua,n
maximus festas e eventos,#D60000,#FF530D,#FFC801,#93C700,#0E99DA,maximus,n,festas,n,e,v,eventos,n
business blues  browns,#6D8EAD,#1F3447,#1A0B07,#362416,#CFCDB4,business,n,blues,n,browns,n
green house,#00CD73,#008148,#2D9668,#3ECD8E,#004E2C,green,a,house,n
bright flats,#292C44,#FF5349,#F0F0F1,#18CDCA,#4F80E1,bright,a,flats,n
wings of a dove,#475159,#839795,#B2BDB7,#CCC9C0,#F2F2F2,wings,n,dove,n
heart of steel,#272A2B,#383737,#473B39,#692B28,#940500,heart,n,steel,n
lovely 02,#1A413C,#7CC699,#F3E4C2,#F37A5A,#EF4926,lovely,r
copy of skyblue 1,#CEF0B7,#A8DBA8,#79BD9A,#3B8686,#0B486B,copy,n,skyblue,n
gama 1,#009D84,#39BCA4,#F1EEDA,#4C565E,#E75244,gama,n
rertro o rama,#D6C274,#DB9E46,#25706B,#3D2423,#AB362E,rertro,n,o,n,rama,n
multicolor vintage,#0E6870,#C6B599,#C65453,#FFDDB4,#EDAA7D,multicolor,n,vintage,n
alices summer colors,#FFA68F,#FF4867,#FFF9C8,#B5EBB9,#18B29D,alices,n,summer,n,colors,n
skin tone colours,#FFE2C5,#FFEEDD,#FFDDAA,#FFC484,#FFDD99,skin,n,tone,n,colours,n
news letter,#D45354,#A9DC3A,#2FCAD8,#818B85,#CDCDC1,news,n,letter,n
vicki,#A1A16A,#727D59,#366353,#133C40,#03212E,vicki,n
np 7,#F14B6A,#3D3C3E,#22BDAF,#BAD7D4,#F4F4F4,np,r
eel,#9FFF4A,#1ABF93,#087363,#004040,#2F1933,eel,n
ada lovelace,#991C00,#E09A25,#FFFCDB,#008B83,#262B30,ada,r,lovelace,n
trippin,#105F73,#F7F3B2,#C6CC33,#F28322,#CC5404,trippin,n
earthtone 1,#FFDB97,#B28F4E,#FFFDFB,#466CB2,#97BBFF,earthtone,n
trendingtopic,#44281A,#00ACAE,#F5EFD5,#F37606,#EE4717,trendingtopic,n
new planet,#E3F23E,#6C821C,#A6A53F,#E0E0AC,#33302E,new,a,planet,n
copy of copy of vintage card,#5C4B51,#8CBEB2,#F2EBBF,#A5C88F,#EF847B,copy,n,copy,n,vintage,n,card,n
pacpillycolours,#FF5952,#FCEEC9,#96D6D9,#4FAAC9,#176075,pacpillycolours,n
me gustas tu,#BE1405,#F2DCAC,#AABEAA,#736E41,#413C2D,gustas,v,tu,a
complementary blue,#00215E,#003CAA,#1967F7,#5E4000,#AA7400,complementary,a,blue,n
la vie en rose,#6B1229,#C76A61,#FAB99A,#F7D9B5,#CCB1A7,la,n,vie,n,en,n,rose,v
polka my dotz,#F30B55,#010326,#012840,#54717F,#F2E6CE,polka,n,dotz,n
summer sizzle,#FFAA00,#C2B93E,#808F5D,#576157,#302F30,summer,n,sizzle,n
miles,#273A3D,#54695C,#AD9970,#FFBF87,#FF8F60,miles,n
if only,#637D74,#403D3A,#8C3B3B,#AB6937,#D4A960,only,r
the flight,#2D9993,#58B3A3,#83BFA3,#B0D9A8,#FFFCB6,flight,n
copy of flat design colors 1,#334D5C,#45B29D,#EFC94C,#E27A3F,#DF5A49,copy,n,flat,a,design,n,colors,n
coral,#F9F5D0,#3CA39C,#44C2B3,#FF827D,#D65F63,coral,a
wine estate,#2A3411,#73662C,#BC9847,#FFDFB2,#6B0031,wine,n,estate,n
navy blue light red,#010A26,#011640,#B6D6F2,#FFFFFF,#E83338,navy,a,blue,n,light,n,red,v
orange and blue,#022440,#3F95AA,#4EC6DE,#EAE2DF,#F7572F,orange,n,blue,n
gid 33 carrot,#4C2916,#F05A28,#FBAF3F,#38B449,#FFFFFF,gid,a,carrot,n
alone in a cafe,#924847,#EB986C,#E4C678,#9C7885,#372C2C,alone,r,cafe,n
hope,#2B1D2E,#323657,#076473,#54B087,#D6F567,hope,n
data driven,#1D2939,#1CAF9A,#FFFFFF,#EE4F4B,#D1DC48,data,n,driven,n
ice cream,#113F59,#19BEC0,#20D6C7,#F3EDD3,#D54F58,ice,n,cream,n
exotic chocolat,#5F5448,#A8C545,#DFD3B6,#FCFCF9,#0092B2,exotic,a,chocolat,n
vintage cuban maracas,#4C514A,#907A62,#879796,#755854,#B09880,vintage,n,cuban,n,maracas,n
jaws,#C0272D,#FCFBE7,#9FD3DA,#008C9A,#05484F,jaws,n
sea slug,#052229,#004043,#BCC373,#E3FF55,#D0D90C,sea,n,slug,n
new year greetings to all,#004B67,#41CCB4,#FFEA95,#FF7C5D,#C70151,new,a,year,n,greetings,n
skyjack,#B1E4FC,#366D78,#39D5F1,#FFFFFF,#D9FF03,skyjack,n
nicoletta revival,#DECE6C,#FCF9B6,#BFE3B5,#5D826E,#262E2B,nicoletta,n,revival,n
copy of a creative corridor,#2E4259,#F7483B,#ECF0F1,#03C8FA,#737373,copy,n,creative,a,corridor,n
coffee,#BD7938,#8D4421,#643001,#532700,#3A1C00,coffee,n
chocolate surprise,#520A17,#668F91,#F5E6AC,#AB8E5B,#52301C,chocolate,n,surprise,n
camping cyclist,#2D3032,#DD5F18,#FBA922,#F7F7F7,#404333,camping,v,cyclist,n
parapluie,#0C2538,#2B434F,#638270,#BCC98E,#EDE059,parapluie,n
leap,#0A8B91,#485956,#C4B98F,#FFF9BC,#EEDF2E,leap,n
the service manual,#BF2633,#A6242F,#D9CEAD,#C0B18F,#011C26,service,n,manual,a
copy of longwood palette 2,#002A4A,#17607D,#FFF1CE,#FF9311,#E33200,copy,n,longwood,n,palette,n
please keep moving,#E85066,#F28E76,#E6CEB0,#5A8C81,#382837,please,v,keep,v,moving,v
vintage beach,#B89A7B,#9BBAAC,#F2D649,#D95D50,#DBDBDB,vintage,n,beach,n
retro hiro,#2F3448,#6699A6,#FAF4EF,#F23827,#A60A0A,retro,n,hiro,n
try,#364656,#5D6B74,#94A4A5,#F2F5E9,#FF8C31,try,n
blue world rgb,#E1E6FA,#C4D7ED,#ABC8E2,#375D81,#183152,blue,a,world,n,rgb,n
calm and clean,#D74B4B,#DCDDD8,#475F77,#354B5E,#FFFFFF,calm,n,clean,n
clownfish anemone,#3E5916,#93A605,#F28705,#F25C05,#E5EFFA,clownfish,a,anemone,n
vintage california,#248077,#74AD8D,#C82754,#F7BB21,#F9E2B7,vintage,n,california,n
sustainable design,#20736A,#8BD9CA,#B1D95B,#93A651,#403E34,sustainable,a,design,n
fly fishing,#252F33,#415C4F,#869C80,#93C2CC,#CEEAEE,fly,n,fishing,n
theme 2,#364659,#F2F2F2,#F2D2AE,#EC8871,#EA5545,theme,n
tidal wave,#012840,#79C7D9,#9BF2EA,#497358,#9DBF8E,tidal,n,wave,v
dreamy valentine,#470C3B,#802F56,#C0576F,#E38679,#FFBD83,dreamy,n,valentine,n
bright modern,#004358,#1F8A70,#BEDB39,#FF5347,#FD7400,bright,a,modern,n
fresh,#84CCC1,#EE514A,#FFFFFF,#022F32,#087070,fresh,a
oxygenna v 1,#282828,#505050,#FFFFFF,#2DCEDB,#F20000,oxygenna,n,v,v
prairie sunset,#573328,#B05A3A,#FF8548,#29332E,#0F1B1C,prairie,n,sunset,n
my autumn love,#004A61,#008789,#FC4349,#F0F0F0,#444444,autumn,n,love,n
vitamin seas,#024E76,#39A6B2,#FCE138,#F5B824,#F08106,vitamin,n,seas,n
stormy daze,#333A40,#4C5E5E,#ADD0E5,#CDE4FF,#729EBF,stormy,n,daze,n
hazy summer,#2C4A47,#6C9A7F,#BB523D,#C89D11,#81810B,hazy,n,summer,n
tearing away,#76D6D2,#F9E270,#EF6F56,#F4EED8,#596B56,tearing,v,away,r
london bridge,#059E9A,#F4F2ED,#F5A243,#DB3E3B,#585857,london,n,bridge,n
amazing grey 2,#403E3F,#F2F2F2,#D9D9D9,#9DAABB,#8C8C8C,amazing,v,grey,n
ticktack,#DE5605,#F7A035,#B1DEB5,#EFECCA,#65ABA6,ticktack,n
merry berry and fresh lime,#FF0067,#FF3D6A,#E7FF04,#9CFF00,#56FF00,merry,n,berry,n,fresh,a,lime,n
filokat headquarters colors,#FFBF41,#EE8943,#C02221,#FFF4D3,#249CA9,filokat,a,headquarters,n,colors,n
eggsalad,#E54E45,#DBC390,#F2F2EF,#13A3A5,#403833,eggsalad,n
retweet,#FF493C,#FFFFFF,#B3ECEF,#31C4F5,#ADEB41,retweet,n
ladybug,#244358,#4A8B87,#7CBCAE,#F0D4AF,#C5252B,ladybug,n
copy of the small existence,#003540,#0D3F40,#487360,#8FA671,#F2D795,copy,n,small,a,existence,n
subtle grey  green and orange,#F0F1F2,#232625,#647362,#FF5629,#D2D9B8,subtle,a,grey,n,green,a,orange,n
clever design 2,#EA5930,#F8AF1E,#F5E5C0,#097380,#372560,clever,n,design,n
beachsunset,#047C8C,#018B8D,#F3BF81,#F49B78,#F1706D,beachsunset,n
brigadeiro 03,#A1DBB2,#FEE5AD,#FACA66,#F7A541,#F45D4C,brigadeiro,n
patriotic,#001A2E,#8F0000,#FFFFFF,#8A874B,#41594F,patriotic,a
blue mountain,#00303E,#7096AD,#C1D1DE,#FFF9EF,#EC4911,blue,n,mountain,n
fresh water,#7C9B5F,#B8D197,#E3FFF3,#9BDEC7,#568F84,fresh,a,water,n
tigers eye,#040002,#3D1309,#E8B96A,#BC5D15,#5C0F00,tigers,n,eye,n
vintage,#F35E75,#00C5A6,#95D9C9,#F1B2A1,#F36F5E,vintage,n
google flat 2,#77A7FB,#E57368,#FBCB43,#34B67A,#FFFFFF,google,n,flat,a
silence,#312F40,#49A69C,#EFEAC5,#E89063,#BF5656,silence,n
vines for wines,#47282C,#8C8468,#C9B37F,#DBDAB7,#C4C49C,vines,n,wines,n
cold purple,#22104D,#2D1E5E,#483A85,#7067AB,#A49CFA,cold,a,purple,n
copie de flat design colors 1,#334D5C,#45B29D,#EFC94C,#E27A3F,#DF5A49,copie,n,flat,a,design,n,colors,n
bubonic kiss,#8B929C,#5E6070,#514454,#3B313D,#FF2479,bubonic,a,kiss,n
mid century,#919C86,#9E373E,#2B2E36,#D1B993,#C45A3B,mid,a,century,n
pal two,#324C5D,#46B19D,#EFC94C,#E3793F,#DF494A,pal,a
candystand,#37C78F,#FEE293,#FF4D38,#CC2249,#380C2A,candystand,n
summer catalog  v 04,#2D6891,#70A0BF,#F5EEDC,#DC4C1A,#F0986C,summer,n,catalog,n,v,n
maiolica summer,#142D58,#447F6E,#E1B65B,#C8782A,#9E3E17,maiolica,n,summer,n
cool grey,#F5E3CD,#696158,#B6A898,#877D71,#504A43,cool,n,grey,n
aruba,#332F45,#015770,#2A8782,#9FD6AE,#FFFED2,aruba,n
japanese art,#14191A,#2D2B21,#A69055,#CCB287,#FFB88C,japanese,a,art,n
blue progression,#03013A,#334A94,#6B9EDF,#83C3F2,#99E6FF,blue,a,progression,n
copy of casual cool  calm,#D95F47,#FFF2C1,#80A894,#106153,#072C36,copy,n,casual,a,cool,n,calm,n
summer rio 12,#9E352C,#E6E8A9,#93C28C,#2E5A5C,#2B2623,summer,n,rio,n
spring green explosion,#25401E,#56732C,#84A63C,#B8D943,#EAF2AC,spring,n,green,a,explosion,n
quindell alternative,#005151,#009393,#F56200,#454445,#969692,quindell,r,alternative,a
flat 6,#449BB5,#043D5D,#EB5055,#68C39F,#FFFCF5,flat,a
ship wreck,#372A26,#4D4D4D,#6DA0A7,#9ED5A8,#C7F5FF,ship,n,wreck,n
california,#03658C,#022E40,#F2B705,#F28705,#F25C05,california,n
javablue,#D7E8F7,#BBD0E3,#9CB7CF,#6A8BAB,#375D81,javablue,n
vw  jetta  jp,#C12C42,#742E46,#2D2C41,#6B8D7C,#D8C19F,vw,n,jetta,n,jp,n
eco,#108F97,#FF8B6B,#FFE39F,#16866D,#103636,eco,n
barcelona,#FF3B16,#E87826,#E8BA4A,#80A272,#003045,barcelona,n
plate,#00748E,#E3DFBB,#F4BA4D,#E3753C,#DA3B3A,plate,n
village at night,#381C19,#472E29,#948658,#F0E99A,#362E29,village,n,night,n
skyset,#0F1C28,#136972,#67BFA7,#F3CF5B,#F07444,skyset,n
retro posters color,#DA2536,#EF525B,#EAE7D6,#24C2CB,#082E41,retro,n,posters,n,color,v
robotron,#FFFFFF,#4EA9A0,#969514,#FE9C03,#FCDE8E,robotron,n
planet  scheme,#00305A,#004B8C,#0074D9,#4192D9,#7ABAF2,planet,n,scheme,n
lazy purple blend,#2F2D30,#656566,#65537A,#51386E,#2A2333,lazy,a,purple,n,blend,n
fairground,#132537,#006C80,#EBCAB8,#FE8315,#FA3113,fairground,n
2014 trends by wrinklebox,#ECEEE1,#A8DACF,#F05B4F,#D8403A,#221E1F,trends,n,wrinklebox,n
ping pong,#FF5B00,#A1716C,#728296,#439AAB,#00CABD,ping,v,pong,n
copy of bookstore,#D94214,#FFF2C1,#80A894,#52736B,#093844,copy,n,bookstore,n
green chili,#72CF3F,#85FF00,#23E000,#2FB81B,#00FF1C,green,a,chili,n
licorice oz,#FFEEB0,#9AE8A4,#C7C12D,#F76245,#ED1C43,licorice,n,oz,n
the small existence,#022840,#013440,#517360,#9DA67C,#F2DC99,small,a,existence,n
movement,#EB6C2D,#D9C8A2,#939C80,#496158,#232F38,movement,n
retro 50 s  kitchen,#331A0F,#519994,#BA4B3C,#EEDDAA,#789F63,retro,n,s,n,kitchen,n
pirate pop colors,#98C000,#3D4C53,#EA2E49,#FFE11A,#0CDBE8,pirate,n,pop,n,colors,n
tangerine park,#FF8840,#958D4F,#737B55,#595540,#513E38,tangerine,n,park,n
pastell 6,#EAD177,#D95B45,#C12940,#552437,#52787B,pastell,n
flat user interface 4,#A20E30,#E93C4F,#DCDCD4,#ADBCC3,#2D4255,flat,a,user,n,interface,n
energetic day,#FFFAED,#D4DBFF,#879AC9,#242942,#FF8800,energetic,a,day,n
farwest filigree,#1C2640,#263357,#384C80,#4E6AB3,#5979CD,farwest,a,filigree,n
ice ice baby,#435A66,#88A6AF,#F5F2EB,#D9CDB8,#424342,ice,n,ice,n,baby,n
stories,#272D40,#364659,#55736D,#9DBF8E,#D0D991,stories,n
october 1,#577867,#EDCE82,#D68644,#AB3229,#662845,october,r
copy of copy of comfab,#23A38F,#B7C11E,#EFF1C2,#F0563D,#2E313D,copy,n,copy,n,comfab,n
arbitration 1,#D94214,#FFF2C1,#80A894,#52736B,#093844,arbitration,n
back to the beach,#9D805A,#EBC99D,#FFE6C5,#9DCEEA,#4B809E,back,r,beach,n
sunset,#FFA136,#FF814A,#E6635A,#785D6B,#534557,sunset,n
copy of summer twilight,#3B596A,#427676,#3F9A82,#A1CD73,#ECDB60,copy,n,summer,n,twilight,n
el gray,#1E1E1F,#424143,#67666A,#807F83,#CBC9CF,el,n,gray,n
firenze,#E04946,#3BA686,#B6D15D,#FFD495,#FA847E,firenze,n
vintage red,#FFEBB0,#FFB05A,#F84322,#C33A1A,#9F3818,vintage,n,red,v
brazil,#063559,#0D8C7F,#8FBF4D,#F2D13E,#D95929,brazil,n
dagut,#0B0D0E,#137074,#7EB7A3,#F1DDBB,#EC6766,dagut,n
gentle,#CDCF91,#EBEACC,#D6D5B8,#6D7D80,#41545E,gentle,n
baloes felizes,#FE4365,#FC9D9A,#F9CDAD,#C8C8A9,#83AF9B,baloes,n,felizes,n
van gogh,#011526,#011C40,#4E8DA6,#F2EA79,#F2B33D,van,n,gogh,n
stonehaven,#353230,#3F4E51,#7B8F70,#99B2BE,#F6F4EA,stonehaven,r
summer,#4FC5C7,#97EC71,#DBF977,#DE9DD6,#FA6E86,summer,n
flash green,#158000,#199900,#20BF00,#24D900,#29FF00,flash,n,green,n
guava trees,#59361F,#5C992E,#A3CC52,#E6E673,#FF5933,guava,n,trees,n
reading room,#191724,#4C4547,#8C594E,#D18952,#FDB157,reading,n,room,n
afghani girl,#4B1E18,#F9E5C2,#BBB082,#829993,#4F5D4E,afghani,n,girl,n
deep under the sea,#032843,#1F595B,#508C6D,#71A670,#A6DB89,deep,a,sea,n
over the hill,#452743,#E7635E,#F8E9A8,#89E0AD,#00928C,hill,n
golden moments,#FAAD63,#D1714D,#785E48,#39403B,#3D1C24,golden,a,moments,n
blue delight,#004158,#026675,#038B8B,#F1EEC9,#F09979,blue,a,delight,n
vapor,#191919,#182828,#60702D,#AAB232,#E6FA87,vapor,n
designb,#212A3F,#434F5B,#F2F2F2,#8AB839,#2E2E2E,designb,n
blue meets orange,#023059,#3F7EA6,#F2F2F2,#D99E32,#BF5E0A,blue,a,meets,n,orange,v
copy of bizarre,#F21E52,#FFFFFF,#3D3B42,#0C6F73,#63CFD4,copy,n,bizarre,n
garnet jasper jade,#4C0016,#FFF7EB,#DCCEA7,#A17345,#104F53,garnet,n,jasper,n,jade,n
wet kiss in the metro,#1E2422,#88BEB1,#FF006D,#DAFFFF,#718A94,wet,a,kiss,n,metro,n
from russia with love,#BF2431,#F24150,#2A4557,#3B848C,#EFF2E4,russia,n,love,n
the spice quarter,#3B3013,#8F6031,#E88833,#9C0C0A,#FDF3C1,spice,a,quarter,n
corporate trust,#03497E,#0596D5,#9DEBFC,#999999,#FE4B28,corporate,a,trust,n
across the see,#FFAB4A,#CCBAAB,#1E2129,#3D5E6E,#47A3A3,see,n
rankit,#00182E,#0C6BA1,#D4D6D4,#FFFDEB,#FF7500,rankit,n
glimpse of earth,#332525,#907465,#EDC5B5,#878C6D,#63674A,glimpse,n,earth,n
vintage romantic,#59323C,#260126,#F2EEB3,#BFAF80,#8C6954,vintage,n,romantic,a
vintage color,#F04C16,#DBDBD0,#EDBD1F,#4CB09C,#313B4A,vintage,n,color,n
garden,#114454,#0E3142,#165751,#3B8D61,#94BF6E,garden,n
copy of classique 20,#66B3A7,#C0D4B6,#EEF0BD,#F0563D,#2C2F3B,copy,n,classique,n
celtic,#47191C,#59574B,#829690,#B5B09A,#E1E3CB,celtic,a
retro smart,#2B211D,#611C26,#C5003E,#8EB7A8,#F1E4B7,retro,n,smart,v
mathieu,#1A1F2B,#30395C,#4A6491,#85A5CC,#D0E4F2,mathieu,n
vintage,#698B71,#F4EA8C,#D7CA83,#D9A475,#725054,vintage,n
aoi omoi,#2F4159,#465E73,#88A649,#F2ECE4,#D98841,aoi,n,omoi,n
behance set,#2C3E50,#FC4349,#6DBCDB,#D7DADB,#FFFFFF,behance,n,set,n
tiger lilly,#F29727,#E05723,#B0382F,#982E4B,#713045,tiger,n,lilly,r
acat,#D9304F,#1A3140,#659FA6,#F2D6A2,#F2786D,acat,n
fireflies,#485B61,#4B8C74,#74C476,#A4E66D,#CFFC83,fireflies,n
vintage cuban sheet music,#424862,#FB9A63,#BFC4D5,#F6FBF4,#FEBC98,vintage,n,cuban,a,sheet,n,music,n
rainy green light,#4D584A,#465943,#428552,#3E754E,#4C694B,rainy,n,green,a,light,n
fresh off the melon boat,#1D5123,#B1C661,#FFDA68,#FE9257,#F64448,fresh,a,melon,n,boat,n
buttercup,#404A69,#516C8A,#8AC0DE,#FFFFFF,#FFAC00,buttercup,n
magellan blue green,#00293E,#003D4E,#006269,#00918F,#00BAB5,magellan,n,blue,v,green,a
fruits,#FF2468,#E0D4B1,#FFFFE3,#00A5A6,#005B63,fruits,n
happy holidays,#4E0805,#9E0522,#FFF4D4,#B8C591,#447622,happy,a,holidays,n
kashmir,#DFD7B7,#EB7707,#5C5445,#3B2323,#9CBFC7,kashmir,n
pinky promise,#A31180,#C42795,#DE52B4,#EA88CE,#FFBFE5,pinky,n,promise,n
old shoes,#262E3B,#9C8878,#CFCAAA,#FBF8FF,#992435,old,a,shoes,n
copy of miami sunset,#FFBC67,#DA727E,#AC6C82,#685C79,#455C7B,copy,n,miami,n,sunset,n
greenirises,#6D9E99,#87A997,#FFFFFF,#ECDBD4,#D49EA2,greenirises,n
spring breeze,#A991E8,#FFB4BB,#ACF7FF,#A2E891,#FFEDAE,spring,n,breeze,n
coffee amaretto,#BF0436,#8C0327,#590219,#F2CBA1,#8C674C,coffee,n,amaretto,n
singing nursery rhymes,#CF5B6F,#FFF8C8,#CAD9B1,#8FB3A0,#648991,singing,v,nursery,n,rhymes,n
caeli vis,#E64D2E,#FFF5F1,#7893AD,#576B9C,#2D2A52,caeli,n,vis,n
warm grays,#282624,#BFB7AA,#403D39,#807A71,#ABA398,warm,n,grays,n
flat design colors,#334D5C,#45B29D,#EFC94C,#E27A3F,#DF4949,flat,a,design,n,colors,n
copy of alternativegarden,#225B66,#17A3A5,#8DBF67,#FCCB5F,#FC6E59,copy,n,alternativegarden,n
alaska sunset,#BF4E6C,#F2676B,#F5CC70,#5992C7,#325982,alaska,n,sunset,n
purple pain,#341D44,#744D90,#BB8CDD,#3E4417,#88904D,purple,n,pain,n
classique cmyk,#1E9382,#70A758,#EFF1C2,#F0563D,#2E313D,classique,n,cmyk,n
sunset splash,#43212E,#D9666F,#F2D57E,#A9A688,#516057,sunset,n,splash,n
berry hues,#A63343,#E65159,#F5E9DB,#F4F7CF,#BAD984,berry,n,hues,n
student portfolio,#1BA68C,#54BFAC,#F2EDA7,#F2E530,#D94625,student,n,portfolio,n
downbeat,#1A2A40,#3F7369,#F2DEA0,#CE5251,#EA895E,downbeat,n
neon light green,#2A3B30,#ABFFD1,#EBFFF5,#9DFEFF,#273B40,neon,r,light,a,green,n
apple orchard fox,#440008,#605521,#988432,#D9A54E,#9E3711,apple,n,orchard,n,fox,n
reading is for the birds,#42342C,#738076,#B2B39B,#DFE5E1,#294359,reading,n,is,v,birds,n
tropical breakfast,#FF6C0D,#F29E00,#E6C10F,#44996F,#216273,tropical,a,breakfast,n
mint chocolate chip ice cream,#649670,#36291E,#69AD6C,#92E67C,#C5FF84,mint,n,chocolate,n,chip,n,ice,n,cream,n
delacroix,#1A3838,#3F7A51,#82A352,#D1C062,#FFBE59,delacroix,n
friendly farmer,#7D8C22,#B3BF67,#F2E49B,#D9DFF4,#6791BF,friendly,r,farmer,n
neons,#00FFFF,#00FF00,#FFFF00,#FF5100,#FF007C,neons,n
exporter,#8A7D6D,#2D2D38,#E86E48,#FFFFE8,#9CC9C9,exporter,n
garota de ipanema,#A1172D,#FDFFBA,#A7DB9E,#275C57,#1F1B19,garota,n,ipanema,n
music poster,#1BA68C,#97BF3F,#F2ECD8,#F2B035,#F2522E,music,n,poster,n
bicycles,#65356B,#AB434F,#C76347,#FFA24C,#519183,bicycles,n
cape cod cardigan,#A2D9B1,#7CBF9E,#F2F1B9,#8C8575,#193741,cape,n,cod,n,cardigan,n
seattle,#627369,#99B397,#E2F2C6,#91CCAD,#376266,seattle,n
dieselpunk,#212625,#9CA6A2,#D0D9D6,#BF0404,#C2C6AF,dieselpunk,n
crystal plum,#CFF9FF,#BFC7BB,#787051,#332730,#57324F,crystal,n,plum,n
again and again,#04496E,#66CAFF,#A3FC7E,#70D44A,#2C6B0F,again,r,again,r
new mixim ru,#024959,#037E8C,#F2EFDC,#E74C30,#363636,new,a,mixim,n,ru,n
star light star bright,#78BF82,#A4D17C,#CFD96C,#EBD464,#FFD970,star,n,light,a,star,n,bright,n
luck be a lady tonight,#212629,#CDCF19,#FFF77D,#96C4AB,#CF2A56,luck,n,be,v,lady,n,tonight,n
throwback,#98CACB,#FDEFBE,#F0542B,#736E5B,#ABA68E,throwback,n
zombivalent,#F2F1EB,#BFB9A4,#262222,#802A30,#8C0303,zombivalent,n
plum fruity,#806265,#FFA256,#F7DD77,#E0D054,#ABA73C,plum,n,fruity,n
vintage space,#021B21,#032C36,#065F73,#E8DFD6,#FF2A1D,vintage,n,space,n
flat,#3E8A90,#5A4E5B,#DC5172,#DB9C67,#FEE2B3,flat,a
spring,#893660,#EF7261,#68D693,#A0D7E2,#299CA8,spring,n
retro park,#8F323C,#123943,#80BDDB,#4189AB,#C98127,retro,n,park,n
blue max,#69B5E1,#D4E4F5,#EAF2F8,#BEDBED,#000000,blue,n,max,n
jiva,#073A59,#2D9AA6,#F2E2DC,#F23322,#A61B1B,jiva,n
rockwell,#683820,#8C9A89,#E7D6A2,#BEAA65,#9A8234,rockwell,n
flood,#005572,#006573,#008B8D,#81BEAA,#F4D4AD,flood,n
fog ocean,#F3BD8D,#F1A280,#BE6D6B,#704A5B,#3E263C,fog,n,ocean,v
boompjes,#141F26,#2B4040,#405950,#A69E86,#F2D9BB,boompjes,n
o christmas tree,#4A8279,#003330,#610400,#003B06,#02730F,o,a,christmas,n,tree,n
wrsi 3,#2A3A48,#3E6372,#B2D4DC,#FAFAFF,#FF6900,wrsi,n
old man winter  ver 01,#1C2742,#3C91C7,#5A9ABE,#95C5DE,#E0EEFB,old,a,man,n,winter,n,ver,n
retro,#589373,#BFBD99,#F2D6B3,#C2512F,#241E1E,retro,n
vintage teal,#426261,#465A59,#577573,#739A97,#9AC1C0,vintage,n,teal,n
summer flat,#1F518B,#1488C8,#F7E041,#E2413E,#B5292A,summer,n,flat,n
copy of anggo djago,#002A4A,#17607D,#FFF1CE,#FF9311,#D64700,copy,n,anggo,n,djago,n
sherlock,#444344,#52BBB2,#2B344D,#EE5555,#F8F7EE,sherlock,n
phrendly social,#37465D,#F2F2F2,#9DC02E,#779324,#051A37,phrendly,r,social,a
k 1,#549494,#E85649,#232C2E,#E6E8D2,#706558,k,n
silk road brocade,#392133,#FFECBE,#D9D098,#C4AB6D,#AB7D3A,silk,n,road,n,brocade,n
polar bears go roar,#F0F0F0,#1C1C1C,#A2FDF5,#1CCDC7,#27EDDF,polar,a,bears,n,go,v,roar,v
copy of comfab,#23A38F,#B7C11E,#EFF1C2,#F0563D,#2E313D,copy,n,comfab,n
flat ui,#F9F9F9,#03A678,#E9EDEB,#F44647,#00707F,flat,a,ui,n
copy of vitamin c,#004358,#1F8A70,#BEDB39,#FFE11A,#FD7400,copy,n,vitamin,n,c,n
purple rain,#2E064D,#80176B,#B356A1,#59580B,#FFFF00,purple,n,rain,n
aurora borealis,#011526,#025959,#027353,#03A678,#03A696,aurora,n,borealis,n
retro tulips,#0F808C,#6C8C26,#F2A71B,#F26A1B,#D91818,retro,n,tulips,n
feedit,#CC3333,#FF9D33,#F7F7F0,#3EBBA7,#00747A,feedit,n
start n finish,#45334A,#796B7D,#CCC4B0,#FFF1B5,#FFA3A3,start,n,finish,n
mabelis,#580022,#AA2C30,#FFBE8D,#487B80,#011D24,mabelis,n
sip of sunset,#5A4B53,#9C3C58,#DE2B5B,#D86A41,#D2A825,sip,n,sunset,n
indigo moon,#14151C,#0C242B,#297059,#84D66E,#D1FB7A,indigo,n,moon,n
honey do,#F4FAC7,#7BAD8D,#FFB159,#F77F45,#C2454E,honey,n,do,v
nth hour,#800000,#BF0000,#E2D6C2,#F6EDD8,#FFFFFF,nth,a,hour,n
test the waters,#00CCFF,#A1FCFF,#040438,#004878,#C9FAFF,test,n,waters,n
50 s christmas,#F7F6AF,#1B2124,#D62822,#97D6A6,#468263,s,a,christmas,n
mary kay music,#432852,#992255,#FF3D4C,#28656E,#00968F,mary,a,kay,n,music,n
copy of vintage card,#5C4B51,#8CBEB2,#F2EBBF,#F3B562,#BD6060,copy,n,vintage,n,card,n
spice cabinet,#022629,#2A5945,#FAFFED,#E6DCC0,#B3371C,spice,n,cabinet,n
copy of stories,#272D40,#364659,#55736D,#9DBF8E,#D0D991,copy,n,stories,n
ice water,#B0DAFF,#325B80,#64B7FF,#586D80,#5092CC,ice,n,water,n
taste the rainbow,#FF0012,#FF7D00,#FFD900,#5BE300,#0084B0,taste,n,rainbow,n
gumdrop tears 2,#FF4D41,#F2931F,#E6CA21,#91B321,#1E8C65,gumdrop,n,tears,n
a rather lovely thing,#0D3E58,#1C848C,#19C0C2,#F3EDD6,#DA6260,rather,r,lovely,a,thing,n
cream in my coffee,#302821,#453629,#5C4837,#8A735F,#BDA895,cream,n,coffee,n
sea glass,#A2C1C6,#86B1B7,#AECBAD,#CFDCB0,#D6E1D1,sea,n,glass,n
blue abstract background,#03588C,#1763A6,#419CA6,#54BF83,#8DBF41,blue,a,abstract,n,background,n
monorail,#FFBC6C,#FE9F6C,#BD716E,#74495F,#3B2C4D,monorail,n
silver,#474143,#A69E9D,#E7E2DA,#FFFFFF,#E7E8E7,silver,n
granada  azafran,#5C2849,#A73E5C,#EC7263,#FE9551,#FFD285,granada,n,azafran,n
when will the storm come,#415457,#5F7B7F,#9ACCAF,#E6EBC4,#F9F7C8,when,r,will,v,storm,n,come,n
beach tears,#805939,#BD9962,#E6CD7D,#578072,#2D4B4D,beach,n,tears,n
sakura moment,#F2B3BF,#F2F2F2,#BAD9D0,#8C715A,#D98484,sakura,n,moment,n
silver leaf,#323836,#BAD1B5,#DBE8CF,#F0F7E8,#FFFEF5,silver,n,leaf,n
friends,#534C64,#B7DECF,#F0F3D7,#7E858C,#D96557,friends,n
hiire orange,#293540,#79BDE0,#E1EBF5,#FFFFFF,#FF530D,hiire,n,orange,n
red  hot enhanced,#450003,#5C0002,#94090D,#D40D12,#FFED75,red,a,hot,n,enhanced,v
couture gold,#DC941B,#EDC266,#B6952C,#E1D3A6,#E9A119,couture,n,gold,n
eastern shore,#7F7364,#CBB08E,#CBC1B7,#789DCB,#646F7F,eastern,a,shore,n
inspiration,#081724,#589494,#8EBBB4,#D0DCD0,#F5EED2,inspiration,n
david,#F24C32,#F29471,#FCDFA6,#36B898,#3D7585,david,n
olympic series lll,#50781C,#9CAD1C,#EAF7E6,#40A5DE,#0B5191,olympic,n,series,n,lll,n
blue grotto,#083157,#0A6C87,#459C97,#92CCA5,#C9F0B1,blue,a,grotto,n
suckerpunch,#F23C13,#CBAB78,#FFFFFF,#898373,#1F1C17,suckerpunch,n
rock and sand,#F4EFCC,#B4B197,#757261,#35342C,#DBD6B7,rock,n,sand,n
love these colors 2,#537F79,#78A68F,#CBD49C,#FED457,#CB252A,colors,n
transit,#FF6B6B,#556270,#C7F464,#4ECDC4,#EDC8BB,transit,n
bright  fun,#0770A2,#82D9F7,#FEFEFE,#AEC844,#F36622,bright,a,fun,n
seaman deckhand,#30394F,#FF434C,#6ACEEB,#EDE8DF,#0E6569,seaman,n,deckhand,n
red to yellow,#FF0000,#FF4000,#FF7F00,#FFBF00,#FFFF00,red,a,yellow,v
christmas star,#D9B500,#FFED9C,#BFCC85,#748F74,#454545,christmas,n,star,n
mediterrano,#452E32,#A34B1B,#B5A187,#EDDF9A,#A7CC31,mediterrano,n
orange in the big city,#2C2B33,#596664,#909980,#CCC08D,#FF8A00,orange,n,big,a,city,n
back to basics,#3A3F40,#202627,#151B1E,#EFF4FF,#41444D,back,r,basics,n
hard candy christmas,#C21F1F,#FFFFFC,#E34446,#FFFFDB,#E36D6F,hard,a,candy,n,christmas,n
inamorata,#DEBB73,#4D0017,#010000,#4D0F30,#9A002F,inamorata,n
mimic,#EB9328,#FFA754,#FFD699,#FFF5DC,#4FA6B3,mimic,n
icarus,#FFFFFF,#74ADA6,#1E5E6F,#241B1F,#68A81E,icarus,n
incredible surreal designs,#025E73,#037F8C,#D9D59A,#D9BD6A,#590202,incredible,a,surreal,n,designs,n
summer delight,#5A0532,#FF6745,#FFC861,#9DAE64,#27404A,summer,n,delight,n
jeans  jackets,#636266,#E0CEA4,#E8A579,#7D6855,#42403E,jeans,n,jackets,n
dreamy,#D88681,#A67673,#746566,#535A5D,#324F54,dreamy,n
vintage card,#5C4B51,#8CBEB2,#F2EBBF,#F3B562,#F06060,vintage,n,card,n
copy of bloom,#F53C4A,#565157,#10CFC8,#F2EEE7,#F5D662,copy,n,bloom,n
oldred,#2E031F,#590424,#8C072B,#BF0A2B,#DEEFC5,oldred,v
space odyssey,#FC297D,#FB607A,#FDA286,#FDC188,#FEE78A,space,n,odyssey,n
flat design 1,#334D5C,#45B29D,#EFC94C,#E27A3F,#DF4949,flat,a,design,n
copy of copy of bookstore,#D94214,#FFF2C1,#80A894,#52736B,#093844,copy,n,copy,n,bookstore,n
fall colors,#595408,#A6800D,#A66D03,#A63F03,#730C02,fall,n,colors,n
gold digger,#FFECA1,#B3B27F,#4C5E52,#2F3436,#FFBE2C,gold,n,digger,n
antique christmas,#ACCBBC,#467847,#E8E4C1,#A60303,#730202,antique,n,christmas,n
goodbye kuler,#D93312,#B3AB82,#45735F,#394D47,#2C3233,goodbye,n,kuler,n
juniper blue,#324143,#6595A3,#C8E3E8,#FCFFED,#B6C28B,juniper,n,blue,n
hipster pallette,#C10250,#03BCC0,#D2D945,#FCB040,#FF5850,hipster,n,pallette,n
forward,#BF495E,#41A693,#F2EC9B,#D9CF48,#D9583B,forward,r
off limits,#FFD97B,#E65029,#A60027,#660033,#191C26,limits,n
medical,#0D2557,#93A8C9,#FFFFFF,#F5DED5,#558D96,medical,a
paris,#067072,#14A589,#DECFA6,#BAAE8C,#F94B06,paris,n
gold bar,#E0C882,#A6874E,#BFA169,#D9B779,#F2D399,gold,n,bar,n
couture white pt deux,#D7DADD,#DDDEE3,#E1E1E9,#EDEFF4,#F2F3F8,couture,n,white,a,pt,n,deux,n
retrophoto 2,#477984,#FEF5EB,#C03C44,#EEAA4D,#313E4A,retrophoto,n
antique beeswax,#537374,#F9BD7F,#EBD7A5,#ADC9A5,#5C9E99,antique,n,beeswax,n
cursed tiki idol,#53324F,#668D6E,#F2E0A0,#F19B7A,#F0756E,cursed,v,tiki,n,idol,n
the edge,#051E21,#00302D,#856434,#F28C28,#FFAD4E,edge,n
bon marche riviera,#423A38,#47B8C8,#E7EEE2,#BDB9B1,#D7503E,bon,n,marche,n,riviera,n
cherries in the lake,#730324,#DFE3E6,#B4C4D4,#8BA2BD,#456382,cherries,n,lake,n
green day,#133800,#1B4F1B,#398133,#5C9548,#93E036,green,a,day,n
prince kajuku,#88B59E,#B6DEC8,#39464D,#C04229,#ABD1AB,prince,n,kajuku,n
kinetic vision,#11A7FC,#95D127,#F2E415,#FF8638,#EE3551,kinetic,a,vision,n
editorial,#212640,#5D718C,#4B95A6,#60BFBF,#EFF2D8,editorial,n
rave,#008767,#FFB27A,#FF6145,#AB2141,#5E1638,rave,v
fosters home,#D8A64D,#9B5422,#351411,#5B0D0D,#991C11,fosters,n,home,n
cactus flowers 2,#00736A,#00BC9F,#F1EEC7,#FEA301,#F2561A,cactus,n,flowers,n
samsung mobile 1,#DFE0AF,#A4BAA2,#569492,#41505E,#383245,samsung,n,mobile,n
faded rainbow,#7BBADE,#93DE7F,#FFED5D,#F29E4A,#FF7050,faded,v,rainbow,n
infographics,#FFFFED,#FF2C38,#FF9A3A,#FFF040,#67D9FF,infographics,n
avocado,#007148,#60A859,#9BDA6A,#C7F774,#F9FFEF,avocado,n
quantic stage,#D9D7AD,#91A685,#FF6A00,#37485C,#1C232E,quantic,a,stage,n
procrastination,#727B7F,#CCEAEA,#7A7556,#2E2125,#44CACC,procrastination,n
blue plate gecko,#092740,#45698B,#90B0CC,#F1FAFF,#8FD36F,blue,a,plate,n,gecko,n
exercise in subtlety,#E2FFA0,#7D8076,#FAFFED,#C2CCBE,#8F7D70,exercise,n,subtlety,n
being right,#49454A,#E69B02,#FAF4C6,#B1D631,#324052,being,v,right,a
wine fall,#5F1A2B,#1D2834,#6F8B78,#E4D49E,#C96466,wine,n,fall,n
my kuler theme,#012D3D,#38AD9E,#FFEB9E,#FF6867,#D0DBED,kuler,n,theme,n
kids,#D7E836,#86FFC7,#FFB048,#E8366C,#593BFF,kids,n
chimney sweep,#1A191F,#35352F,#484042,#4E5252,#E64D38,chimney,n,sweep,n
retro summer,#828948,#EFDFC2,#006971,#DC533E,#840000,retro,n,summer,n
van gogh,#8C4E03,#9FA66A,#F2EC94,#F23005,#8B0F03,van,n,gogh,n
sophistication,#000001,#20201F,#E2E2E4,#590402,#B80000,sophistication,n
hoquetons,#344059,#465973,#F2D272,#A69460,#595139,hoquetons,n
aloe vera,#33454C,#608F85,#B6E5CB,#8BAF95,#54584E,aloe,n,vera,n
hopeful,#0D1F36,#104954,#1E9C89,#38CC85,#60EB7B,hopeful,n
richest reds,#370005,#4B0005,#5F0005,#730005,#870005,richest,a,reds,n
emerald,#191E34,#0D4C57,#00797D,#41A48E,#FFFFD2,emerald,n
greens and blues,#9FB1BF,#1D2D63,#1C5357,#1F6E56,#196331,greens,n,blues,n
early spring feel,#FFEBBA,#C3BD91,#88947B,#4C3F3F,#2A2727,early,a,spring,n,feel,n
kyoto autumn,#BFB978,#84945C,#516967,#4D3130,#281B24,kyoto,n,autumn,n
ultraviolet rays,#34A9FF,#5982DB,#665EB8,#684682,#632E62,ultraviolet,n,rays,n
my color theme,#004056,#2C858D,#74CEB7,#C9FFD5,#FFFFCB,color,n,theme,n
honey in the sky,#035C75,#1B808C,#31A6A8,#F3F1BC,#F3AD14,honey,n,sky,n
monet,#103B73,#20638C,#3786A6,#4EABBF,#EBEFF2,monet,n
picture 1,#000137,#29003F,#79003D,#D04D14,#F89801,picture,n
la ballena  yo,#C3AE8D,#F25260,#2D5F73,#6BADC9,#8FCED6,la,n,ballena,n,yo,n
pastel flat design colours,#1D8281,#44BF87,#FBD258,#F29A3F,#DB634F,pastel,n,flat,a,design,n,colours,n
pure and fresh,#347373,#4EA6A6,#91D9D9,#FFFFFD,#F2E205,pure,n,fresh,a
vintage beach,#7B9588,#C1D1BE,#D1E1D4,#FFFAE6,#FEDCB6,vintage,n,beach,n
luscious,#9E1B36,#F7EDBA,#E69B3D,#EB3355,#3D241D,luscious,a
dutch retro design,#FF7500,#665130,#EBB643,#CEDAA8,#668E84,dutch,n,retro,n,design,n
classic poster,#012326,#17455C,#E1CAAB,#FE8333,#FA4913,classic,a,poster,n
logo lockups 6,#BF3542,#CDC5BA,#EBE3D6,#3C3C3C,#2E2E2E,logo,n,lockups,n
alligator eraser,#384D3A,#3E6653,#728053,#A68357,#D97C71,alligator,n,eraser,n
facebook,#345391,#9B9EA3,#D3D6DB,#F4F4F4,#4E5259,facebook,n
old man winter  ver 02,#1A2944,#2DA7C7,#56ACBA,#98C4C9,#CBD5D2,old,a,man,n,winter,n,ver,n
under a duluth sky,#231921,#695F74,#BEB4CB,#EBEBF0,#D2DCEB,duluth,n,sky,n
grey plum,#99878D,#323232,#646464,#7E4A5C,#372129,grey,n,plum,n
air mail,#661510,#D9351A,#F2C76F,#BF9727,#204D3F,air,n,mail,n
raygun gothic,#3CFFEE,#24AABC,#356781,#2C3D51,#1C1F24,raygun,n,gothic,n
nightsky,#34373F,#686C75,#F3E9D0,#BEB7A7,#8E867C,nightsky,n
flux virtus,#DA3537,#FFFCC4,#00585F,#6A6A61,#2A2C2B,flux,n,virtus,n
artoo,#AE3135,#D1AF87,#8C826B,#3D3C33,#F2F0CE,artoo,n
honey do,#F4FAC7,#7BAD8D,#FFB158,#F77F45,#C2454E,honey,n,do,v
tickled pink,#FF0894,#FF5E9F,#FF91A7,#FFB5CA,#F5F0BA,tickled,v,pink,n
copy of pastel family,#3FB8AF,#7FC7AF,#DAD8A7,#FFB38B,#FF3F34,copy,n,pastel,n,family,n
theme 5,#402B3C,#6AA6A6,#D9CCA7,#F2B263,#F26835,theme,n
linen,#B0B595,#615F4F,#828567,#91A380,#EAFFCD,linen,n
helium baloon,#6AA690,#F2BC1B,#F2DC99,#F29057,#BF1F1F,helium,n,baloon,n
dermatology,#39588A,#A9BDD7,#FFFFFF,#FFEADD,#FFD0BB,dermatology,n
caribbean pacific,#00427F,#0066BD,#66B5CC,#F0E4C5,#D6C28F,caribbean,n,pacific,n
simpson door company,#9E9E9E,#E5E1D1,#E0393D,#253746,#425563,simpson,n,door,n,company,n
my color theme,#7D8077,#BBBFB2,#FAFFED,#E82A33,#E3DEBC,color,n,theme,n
freshaliciousness remix,#091840,#44A2FF,#F7F7EA,#B3CC63,#4C6620,freshaliciousness,n,remix,n
copy of cote azur,#00585F,#009393,#FFFCC4,#C7C49B,#EB0A00,copy,n,cote,n,azur,n
moonwalk,#5CBBE3,#FCF1BC,#5C8182,#383A47,#B4F257,moonwalk,n
el gecko,#4D9453,#FFFFB1,#ADDE4E,#FF9D27,#A62A16,el,n,gecko,n
itdesign,#404040,#024959,#037E8C,#FFFFFF,#F24C27,itdesign,n
vibes,#363636,#0599B0,#A4BD0A,#FFA615,#FF2E00,vibes,n
la foret,#FD9F44,#FC5C65,#007269,#03A679,#FAF0B9,la,n,foret,n
old school am,#134B57,#81A489,#F1D8B5,#F2A054,#C04D31,old,a,school,n,am,v
vellini,#946E49,#394042,#EDDBAC,#872A0C,#BA8E3A,vellini,n
friendly leap,#8A9126,#B7BF5E,#FFE9C4,#F5B776,#F58E45,friendly,r,leap,a
air,#DCE6DA,#B8CCBB,#98B3A5,#7A9994,#62858C,air,n
blue bang 2,#2A3342,#163C6E,#4E5F61,#E6A015,#EDE7BE,blue,n,bang,v
joes theme,#FF6138,#FFFF9D,#BEEB9F,#79BD8F,#00A388,joes,n,theme,n
surf minimalism,#445060,#829AB5,#849E91,#C14543,#D6D5D1,surf,n,minimalism,n
autumn warmth,#990000,#FF6600,#FF9900,#996633,#CC9966,autumn,n,warmth,n
soothingblueyellow,#0B1C29,#3B7C8F,#73A5A3,#98C1B7,#F0EBD2,soothingblueyellow,n
adrift in dreams,#CFF09E,#A8DBA8,#79BD9A,#3B8686,#0B486B,adrift,n,dreams,n
norman rockwell,#9B2D1E,#3C3A28,#78A080,#9BCD9E,#FFFFAE,norman,n,rockwell,n
vliegfabriek,#FF8400,#3B4044,#494948,#E6E1D8,#F7F2E9,vliegfabriek,n
according to hoyle,#F2C2A7,#F5E5C5,#593D28,#422C21,#93DEDB,according,v,hoyle,n
carmenere,#FFEAA7,#D9D697,#9FC49F,#718C6A,#543122,carmenere,r
maiden  whelp,#F6CB51,#E25942,#13A89E,#3F4953,#F2E7DA,maiden,n,whelp,n
chemical brothers,#282F36,#FFFEFC,#BDA21D,#BFBC5B,#D2E098,chemical,n,brothers,n
vintage circus,#6A482D,#518C86,#F6BF3D,#EF7C27,#BF2424,vintage,n,circus,n
sugar flower,#8C182D,#DE7140,#FCB95A,#FAE285,#6A7349,sugar,n,flower,n
elegant flannel,#B2AD9A,#110E00,#363226,#A9A695,#ECE9D8,elegant,a,flannel,n
futuriffic,#1B1B26,#26394D,#286480,#13B3BF,#A3FF57,futuriffic,n
juicy,#6B9100,#FFE433,#FF841F,#E03D19,#A6001C,juicy,n
yangs gloves,#B30028,#FFE6CF,#FFFFFF,#22788D,#4E3C35,yangs,n,gloves,n
japanese paper 05,#4A485C,#353241,#6385A7,#D9D0C7,#D79691,japanese,a,paper,n
eerie waters,#001028,#033140,#1E5A5B,#7BA78C,#EBEDC6,eerie,n,waters,n
remolinaestrada,#0C2233,#065471,#0A91AB,#FFC045,#F2F2F2,remolinaestrada,n
spaceship zooooom,#BEE8E0,#373C40,#2E2621,#73320B,#FF5E00,spaceship,n,zooooom,n
vintage,#BF3952,#59364A,#556D73,#D9D1A9,#D95F5F,vintage,n
little boy blue,#261C2B,#292B39,#226468,#608D80,#829D8F,little,a,boy,n,blue,n
something fresh,#544E6E,#808CB0,#ABD1D9,#D9FFF7,#DDF556,something,n,fresh,a
man pink,#1B2C35,#A3BFC6,#FF005D,#222A30,#293A42,man,n,pink,n
stormy orange,#FFFFFA,#A1A194,#5B605F,#464646,#FF6600,stormy,n,orange,n
wine tavern,#6B151D,#2E1615,#A8553A,#DB8F5A,#F2C18E,wine,n,tavern,n
copy of overcast sky,#000623,#28475C,#4A6C74,#8BA693,#F0E3B1,copy,n,overcast,n,sky,n
dapper gentlemen,#323A45,#596677,#758194,#FFFFFF,#E74C3C,dapper,n,gentlemen,n
burning sun,#024959,#037E8C,#F2EFDC,#E74C30,#363636,burning,v,sun,n
boerne,#45291A,#AB926D,#DBD1BC,#4999C3,#5FCBEC,boerne,n
june,#022525,#03554F,#E9DBAE,#FAAF06,#0B1919,june,n
hdi one,#1E1B17,#577270,#9C9A79,#C7BDA1,#580E0C,hdi,n
camouflage,#1B5257,#F7F6C3,#F28159,#CC5850,#4F1C2E,camouflage,n
owl,#221A26,#544759,#A197A6,#F27405,#D93D04,owl,n
basics,#60807B,#81B37A,#BCCC5F,#FFEE65,#E64964,basics,n
lunatic,#FAA51B,#BF511F,#2C445E,#2F6D82,#5EE4EB,lunatic,a
chaplin,#FFFEC8,#B1BF99,#5B604D,#39382B,#26181E,chaplin,n
