sandy stone beach ocean diver,#E6E2AF,#A7A37E,#EFECCA,#046380,#002F2F
Firenze,#468966,#FFF0A5,#FFB03B,#B64926,#8E2800
Neutral Blue,#FCFFF5,#D1DBBD,#91AA9D,#3E606F,#193441
Phaedra,#FF6138,#FFFF9D,#BEEB9F,#79BD8F,#00A388
Honey Pot,#105B63,#FFFAD5,#FFD34E,#DB9E36,#BD4932
Aspirin C,#225378,#1695A3,#ACF0F2,#F3FFE2,#EB7F00
Flat UI,#2C3E50,#E74C3C,#ECF0F1,#3498DB,#2980B9
1944mustang,#000000,#263248,#7E8AA2,#FFFFFF,#FF9800
Vitamin C,#004358,#1F8A70,#BEDB39,#FFE11A,#FD7400
Sea Wolf,#DC3522,#D9CB9E,#374140,#2A2C2B,#1E1E20
Watermelon,#7D8A2E,#C9D787,#FFFFFF,#FFC0A9,#FF8598
Cherry Cheesecake,#B9121B,#4C1B1B,#F6E497,#FCFAE1,#BD8D46
Circus III,#2E0927,#D90000,#FF2D00,#FF8C00,#04756F
Tech Office,#595241,#B8AE9C,#FFFFFF,#ACCFCC,#8A0917
zen and tea,#10222B,#95AB63,#BDD684,#E2F0D6,#F6FFE0
CS04,#F6F792,#333745,#77C4D3,#DAEDE2,#EA2E49
Vintage Ralph Lauren,#703030,#2F343B,#7E827A,#E3CDA4,#C77966
Friends and foes,#2F2933,#01A2A6,#29D9C2,#BDF271,#FFFFA6
Japanese Garden,#D8CAA8,#5C832F,#284907,#382513,#363942
Orange on gray,#FFF8E3,#CCCC9F,#33332D,#9FB4CC,#DB4105
Pear Lemon Fizz,#04BFBF,#CAFCD8,#F7E967,#A9CF54,#588F27
Granny Smith Apple,#85DB18,#CDE855,#F5F6D4,#A7C520,#493F0B
28X Dusty Petrol,#292929,#5B7876,#8F9E8B,#F2E6B6,#412A22
Times Changing,#332532,#644D52,#F77A52,#FF974F,#A49A87
Ocean Sunset,#405952,#9C9B7A,#FFD393,#FF974F,#F54F29
Birdfolio Blues,#2B3A42,#3F5765,#BDD4DE,#EFEFEF,#FF530D
Gettysburg,#962D3E,#343642,#979C9C,#F2EBC7,#348899
Garden swimming pool,#96CA2D,#B5E655,#EDF7F2,#4BB5C1,#7FC6BC
Quiet Cry,#1C1D21,#31353D,#445878,#92CDCF,#EEEFF7
Salmon on Ice,#3E454C,#2185C5,#7ECEFD,#FFF6E5,#FF7F66
Cote Azur,#00585F,#009393,#FFFCC4,#F0EDBB,#FF3800
pomegranate explosion,#63A69F,#F2E1AC,#F2836B,#F2594B,#CD2C24
Orange on olive,#B4AF91,#787746,#40411E,#32331D,#C03000
unlike,#88A825,#35203B,#911146,#CF4A30,#ED8C2B
Ventana Azul,#F2385A,#F5A503,#E9F1DF,#4AD9D9,#36B1BF
afternoon chai,#CFC291,#FFF6C5,#A1E8D9,#FF712C,#695D46
View over the town,#FF5335,#B39C85,#306E73,#3B424D,#1D181F
oddend,#000000,#333333,#FF358B,#01B0F0,#AEEE00
Dolores,#E8E595,#D0A825,#40627C,#26393D,#FFFAE4
Red and smooth,#E7E8D1,#D3CEAA,#FBF7E4,#424242,#8E001C
Mountains of Burma,#354242,#ACEBAE,#FFFF9D,#C9DE55,#7D9100
Friends and foes,#2F2933,#01A2A6,#29D9C2,#BDF271,#FFFFA6
Bogart,#DDDCC5,#958976,#611427,#1D2326,#6A6A61
Optimist,#6C6E58,#3E423A,#417378,#A4CFBE,#F4F7D9
Corporate Orange  Blue,#304269,#91BED4,#D9E8F5,#FFFFFF,#F26101
Bloggy Gradient Blues,#E1E6FA,#C4D7ED,#ABC8E2,#375D81,#183152
Keep the Change,#6B0C22,#D9042B,#F4CB89,#588C8C,#011C26
Beach Time,#96CEB4,#FFEEAD,#FF6F69,#FFCC5C,#AAD8B0
Flat design colors 1,#334D5C,#45B29D,#EFC94C,#E27A3F,#DF5A49
Pistachio,#B0CC99,#677E52,#B7CA79,#F6E8B1,#89725B
Blue Sky,#16193B,#35478C,#4E7AC7,#7FB2F0,#ADD5F7
This Green,#00261C,#044D29,#168039,#45BF55,#96ED89
Kayak,#36362C,#5D917D,#A8AD80,#E6D4A7,#825534
KnotJustNautical,#2C3E50,#FC4349,#D7DADB,#6DBCDB,#FFFFFF
Woman in purple dress,#F9E4AD,#E6B098,#CC4452,#723147,#31152B
lollapalooza,#002635,#013440,#AB1A25,#D97925,#EFE7BE
Buddha in Rain,#FF8000,#FFD933,#CCCC52,#8FB359,#192B33
clean modern,#272F32,#9DBDC6,#FFFFFF,#FF3D2E,#DAEAEF
Salamander,#B8ECD7,#083643,#B1E001,#CEF09D,#476C5E
sun splash,#002F32,#42826C,#A5C77F,#FFC861,#C84663
vintage card,#5C4B51,#8CBEB2,#F2EBBF,#F3B562,#F06060
Avoidance,#5E0042,#2C2233,#005869,#00856A,#8DB500
Herbs and Spice,#5A1F00,#D1570D,#FDE792,#477725,#A9CC66
Life Is Beautiful () La vita e bella,#801637,#047878,#FFB733,#F57336,#C22121
Digerati,#52656B,#FF3B77,#CDFF00,#FFFFFF,#B8B89F
Beetle Bus goes Jamba Juice,#730046,#BFBB11,#FFC200,#E88801,#C93C00
Saffron umbrella,#24221F,#363F45,#4B5F6D,#5E7C88,#FEB41C
Elemental,#E64661,#FFA644,#998A2F,#2C594F,#002D40
Appalachian Spring,#C24704,#D9CC3C,#FFEB79,#A0E0A9,#00ADA7
Subtlety of Hue The Spa,#484A47,#C1CE96,#ECEBF0,#687D77,#353129
Campfire,#588C7E,#F2E394,#F2AE72,#D96459,#8C4646
Japanese Garden,#BAB293,#A39770,#EFE4BD,#A32500,#2B2922
Dream,#174C4F,#207178,#FF9666,#FFE184,#F5E9BE
Aviator,#6A7059,#FDEEA7,#9BCC93,#1A9481,#003D5C
harbor,#D5FBFF,#9FBCBF,#647678,#2F3738,#59D8E6
Citrus Grove,#DB5800,#FF9000,#F0C600,#8EA106,#59631E
Red  Hot,#450003,#5C0002,#94090D,#D40D12,#FF1D23
Dreams Forever,#211426,#413659,#656F8C,#9BBFAB,#F2EFDF
Settles Accent,#EA6045,#F8CA4D,#F5E5C0,#3F5666,#2F3440
My Portfolio,#F2F2F2,#C6E070,#91C46C,#287D7D,#1C344D
Flat Design Colors,#334D5C,#45B29D,#EFC94C,#E27A3F,#DF5A49
Black Cherry Mocha,#705B35,#C7B07B,#E8D9AC,#FFF6D9,#570026
Bordeaux,#F7F2B2,#ADCF4F,#84815B,#4A1A2C,#8E3557
Blue Sky Moisty,#1A1F2B,#30395C,#4A6491,#85A5CC,#D0E4F2
Purple Rain,#25064D,#36175E,#553285,#7B52AB,#9768D1
Sunshine over glacier,#004056,#2C858D,#74CEB7,#C9FFD5,#FFFFCB
Fossil Vintage,#CFCA4C,#FCF5BF,#9FE5C2,#5EB299,#745A33
organic pull 2,#776045,#A8C545,#DFD3B6,#FFFFFF,#0092B2
Metropolitan,#CC3910,#F1F2C0,#CCC59E,#8FA68E,#332F29
Citrus,#FF6600,#C13B00,#5E6D70,#424E4F,#1B1D1E
PIE PARTY  FOR ALL KULERIST,#690011,#BF0426,#CC2738,#F2D99C,#E5B96F
Winter Road,#1B1D26,#425955,#778C7A,#F1F2D8,#BFBD9F
pink peppermint,#F6B1C3,#F0788C,#DE264C,#BC0D35,#A20D1E
olde tyme,#597533,#332F28,#61B594,#E6DEA5,#C44E18
Happy Mom,#3FB8AF,#7FC7AF,#DAD8A7,#FF9E9D,#FF3D7F
Midori and Madoka,#0F2D40,#194759,#296B73,#3E8C84,#D8F2F0
Hipster Haven,#42282F,#74A588,#D6CCAD,#DC9C76,#D6655A
anggo djago,#002A4A,#17607D,#FFF1CE,#FF9311,#D64700
Bahamas,#003056,#04518C,#00A1D9,#47D9BF,#F2D03B
Cmon Up,#13140F,#D4FF00,#E4FFE6,#68776C,#00D6DD
Dogwoods on a Dreary Day,#FCFAD0,#A1A194,#5B605F,#464646,#A90641
Bonsai Sprouts,#302B1D,#3F522B,#737D26,#A99E46,#D9CB84
Jejune,#289976,#67CC8E,#B1FF91,#FFE877,#FF5600
The kiss,#56626B,#6C9380,#C0CA55,#F07C6C,#AD5472
 H A I T I  R E L I E F,#32450C,#717400,#DC8505,#EC5519,#BE2805
Colors of Rio,#E83A25,#FFE9A3,#98CC96,#004563,#191B28
heirloom one,#C7B773,#E3DB9A,#F5FCD0,#B1C2B3,#778691
DSPIP Blue,#3399CC,#67B8DE,#91C9E8,#B4DCED,#E8F8FF
DermInc 02,#1A212C,#1D7872,#71B095,#DEDBA7,#D13F32
Saltillo,#7D2A35,#CC9258,#917A56,#B4BA6C,#FEFFC2
Green  Dark Blue,#FFFFFF,#AEAEAE,#E64C66,#2D3E50,#1BBC9B
Halow Summer 06,#E7E9D1,#D3D4AA,#FCFAE6,#444444,#901808
only human,#E0FFB3,#61C791,#31797D,#2A2F36,#F23C55
Painted peacock,#E6DD00,#8CB302,#008C74,#004C66,#332B40
Black Math,#EB5937,#1C1919,#403D3C,#456F74,#D3CBBD
Cinnamon Mint,#14A697,#F2C12E,#F29D35,#F27649,#F25252
Dragonfly Sun,#261822,#40152A,#731630,#CC1E2C,#FF5434
Sushi Maki,#261F27,#FEE169,#CDD452,#F9722E,#C9313D
Copy of vintage card,#5C4B51,#8CBEB2,#F2EBBF,#F3B562,#F06060
Here We Are,#3F0B1B,#7A1631,#CF423C,#FC7D49,#FFD462
Early Winter Morning,#2F3837,#C5C7B6,#FFF8D3,#4C493E,#222028
London Underground,#E3CBAC,#9C9985,#C46D3B,#788880,#324654
Modern Office,#14212B,#293845,#4F6373,#8F8164,#D9D7AC
Moon Landing,#98A89E,#BAC0AC,#FAFAC6,#FF4411,#D40015
beachside shopping,#FEFFFF,#3C3F36,#9FB03E,#EBE9DC,#72918B
Son,#CC6B32,#FFAB48,#FFE7AD,#A7C9AE,#888A63
Cherry Bomb,#262526,#404040,#8C8979,#F2F2F2,#F60A20
Corporate Blew,#00305A,#004B8D,#0074D9,#4192D9,#7ABAF2
Freshaliciousness,#0C273D,#54D0ED,#FFFEF1,#70B85D,#2C5E2E
Japanese lanterns,#4C1B33,#EFE672,#98A942,#2D6960,#141D14
Das Boot,#2F3540,#666A73,#F2EDE4,#D9D1C7,#8C8681
Tears of a clownfish,#0D1F30,#3B6670,#8BADA3,#F0E3C0,#DB6C0F
QB Studio,#FFBC67,#DA727E,#AC6C82,#685C79,#455C7B
MOON,#092140,#024959,#F2C777,#F24738,#BF2A2A
Sonic Threshold,#C4D4CB,#55665E,#30282A,#542733,#E84167
Business Casual,#133463,#365FB7,#799AE0,#F4EFDC,#BA9B65
vintage blue,#CDDEC6,#4DAAAB,#1E4F6A,#2A423C,#93A189
Orange Crush,#EF5411,#FA5B0F,#FF6517,#FF6D1F,#FF822E
Milan Week,#41434A,#6E9489,#DEDCC3,#F2F1E9,#877963
transitional life,#D5F8B4,#A6E3A8,#8A9A85,#7E566B,#422335
Oahu,#292929,#2BBFBD,#F2B33D,#F29B30,#F22E2E
Call me chatime,#F2385A,#F5A503,#E9F1DF,#56D9CD,#3AA1BF
Draw With Me,#3CBAC8,#93EDD4,#F3F5C4,#F9CB8F,#F19181
modern retro,#979926,#38CCB5,#EEFF8E,#FFD767,#CC2A09
retro air,#404040,#024959,#037E8C,#F2EFDC,#F24C27
Blackcurrent Birds,#94B34D,#D3FF82,#363D52,#121D2B,#111B1C
OIL FLAME,#282E33,#25373A,#164852,#495E67,#FF3838
Paris,#FFFFFF,#E5E1D1,#52616D,#2C343B,#C44741
Corporate Orange,#313732,#8AA8B0,#DEDEDE,#FFFFFF,#F26101
thanks a latte,#FFF6B8,#ABCCA7,#403529,#7A5E2F,#A68236
Veerle bio,#4F1025,#C5003E,#D9FF5B,#78AA00,#15362D
Beach Umbrella,#FF2151,#FF7729,#FFAD29,#FFEBCA,#1AB58A
Window Light Lavender,#49404F,#596166,#D1FFCD,#A9BD8B,#948A54
Johnny Cash Tribute,#73603D,#BF8A49,#F2CA80,#5E5A59,#0D0D0D
Dribble,#3D4C53,#70B7BA,#F1433F,#E7E1D4,#FFFFFF
Limekiln,#006D8D,#008A6E,#549E39,#8AB833,#C0CF3A
vintage green,#BDDFB3,#2BAA9C,#2F2E2E,#0F2625,#465F3F
french,#76A19A,#272123,#A68D60,#B0C5BB,#D9593D
Red Embrace,#F2F2F2,#BF0404,#8C0303,#590202,#400101
Avant,#0E3D59,#88A61B,#F29F05,#F25C05,#D92525
The Architect,#C1E1ED,#76C7C6,#273D3B,#131A19,#E35C14
Sunset Camping,#2D112C,#530031,#820233,#CA293E,#EF4339
Copy of granada  azafran,#57385C,#A75265,#EC7263,#FEBE7E,#FFEDBC
Clean and simple,#D74B4B,#DCDDD8,#475F77,#354B5E,#FFFFFF
Spring Happiness,#AF7575,#EFD8A1,#BCD693,#AFD7DB,#3D9CA8
Cirque,#96526B,#D17869,#EBAD60,#F5CF66,#8BAB8D
beach glass,#FFF6C9,#C8E8C7,#A4DEAB,#85CC9F,#499E8D
Hovannes Shiraz,#229396,#8BA88F,#C7C5A7,#F0DFD0,#F23C3C
Buoy,#1B2B32,#37646F,#A3ABAF,#E1E7E8,#B22E2F
Firefly in the night,#0D1C33,#17373C,#2B6832,#4F9300,#A1D700
Cinderella from Nam,#425957,#81AC8B,#F2E5A2,#F89883,#D96666
Teal  Orange,#002E40,#2A5769,#FFFFFF,#FABD4A,#FA9600
various vintage ver 01,#C5D9B2,#53A194,#572C2C,#3D2324,#695A3B
Laboratory,#FFFEFC,#E2E3DF,#515B5E,#2E3233,#CAF200
summer twilight,#3B596A,#427676,#3F9A82,#A1CD73,#ECDB60
first impressions,#FFF0A3,#B8CC6E,#4B6000,#E4F8FF,#004460
Retro package,#F2E6CE,#8AB39F,#606362,#593325,#1D1D1F
conky,#212B40,#C2E078,#FFFFFF,#BADCDD,#547B97
Blues,#0B3C4D,#0E5066,#136480,#127899,#1A8BB3
Martinis At Lunchtime,#222130,#464D57,#D4E8D3,#FFFCFB,#ED8917
Five Oranges,#B33600,#FF8A00,#FFC887,#CC5400,#B31E00
mind warp,#012530,#28544B,#ACBD86,#FFD6A0,#FF302C
agave,#2E95A3,#50B8B4,#C6FFFA,#E2FFA8,#D6E055
Alternative bananas,#112F41,#068587,#4FB99F,#F2B134,#ED553B
brilliant vintage,#302B2F,#696153,#FFA600,#9BB58F,#FFD596
The Bizzniss,#202B30,#4E7178,#4FA9B8,#74C0CF,#F1F7E2
Miami Sunset,#FFAA5C,#DA727E,#AC6C82,#685C79,#455C7B
Bold  Justified The Huge World of Typography  infographic,#458C6B,#F2D8A7,#D9A86C,#D94436,#A62424
Franky Demon,#22475E,#75B08A,#F0E797,#FF9D84,#FF5460
CoolGrays,#686E75,#9BAAC1,#82787B,#E4F1DB,#AAC19B
creamy grey,#FFFBDC,#BFBCA5,#7F7D6E,#3F3E37,#E5E2C6
Banana Flambe,#F0C755,#E2AD3B,#BF5C00,#901811,#5C110F
MWAD,#70E8CB,#FFE9C7,#FF5B5B,#545454,#2D2D2F
Sparkling Sife,#17111A,#321433,#660C47,#B33467,#CCBB51
refreshing melon,#F7E4A2,#A7BD5B,#DC574E,#8DC7B8,#ED9355
mute mint,#1B1E26,#F2EFBD,#B6D051,#70A99A,#2F6D7A
WInter Splendor,#BEBEBE,#F1E4D8,#594735,#94C7BA,#D8F1E4
Cloud in the Sky,#023B47,#295E52,#F2E085,#FCAB55,#EE7F38
Ground Control to Major Tom,#2B2E2E,#595855,#A2ABA5,#CAE6E8,#313F54
Crying in the Rain,#302C29,#D1D1BC,#A7C4BB,#6C8C84,#466964
Step Into the Light,#212629,#067778,#49B8A8,#85EDB6,#D9E5CD
Stream IN,#2C3E50,#FC4349,#6DBCDB,#D7DADB,#FFFFFF
Copy of Flat Design Colors v2,#334D5C,#45B29D,#EFC94C,#E27A3F,#DF4949
Siberian Winter,#35262D,#FFFBFF,#E8ECED,#A4B7BB,#76A0B0
Park Avenue Shift,#61E8D2,#FCEEB9,#302F25,#704623,#BBE687
gradient green,#E1E6B9,#C4D7A4,#ABC8A4,#375D3B,#183128
Indian Earthy,#C98B2F,#803C27,#C56520,#E1B41B,#807916
Retro Vintage,#524656,#CF4747,#EA7A58,#E4DCCB,#A6C4BC
Chuck Howard Poster,#A3D9B0,#93BF9E,#F2F0D5,#8C8474,#40362E
Summer Daydream,#5C2849,#A73E5C,#EC4863,#FFDA66,#1FCECB
Blue for Marine Brochure,#0EEAFF,#15A9FA,#1B76FF,#1C3FFD,#2C1DFF
TOOL,#010000,#393845,#9B96A3,#5C0009,#940315
stay summer,#468071,#FFE87A,#FFCA53,#FF893B,#E62738
Adobe Ideas Theme,#404040,#024959,#037E8C,#F2EFDC,#F24C27
For Juliette,#FF765E,#C2AE8B,#FCCF65,#FFE5C6,#B7BDC4
olive tree,#003647,#00717D,#F2D8A7,#A4A66A,#515932
Rise,#2B3A42,#3F5765,#BDD4DE,#EFEFEF,#E74C3C
The Lady is a Spy,#3B3B3B,#A8877E,#FFA49D,#FF7474,#FF476C
identification,#0A3A4A,#196674,#33A6B2,#9AC836,#D0E64B
Avoid the Norm,#FFA340,#38001C,#571133,#017A74,#00C2BA
elevation,#FAFAC0,#C4BE90,#8C644C,#594D37,#293033
Feeling Etsy,#DCEBDD,#A0D5D6,#789AA1,#304345,#AD9A27
Autumn berries,#588C7E,#F2E394,#F2AE72,#D96459,#8C4646
Desert,#C74029,#FAE8CD,#128085,#385052,#F0AD44
Black Swan,#010712,#13171F,#1C1F26,#24262D,#961227
landscape architect,#F0E6B1,#B5D6AA,#99A37A,#70584B,#3D3536
Fresh Money,#2F400D,#8CBF26,#A8CA65,#E8E5B0,#419184
Adrift in Dreams via colourlovers,#CFF09E,#A8DBA8,#79BD9A,#3B8686,#0B486B
Suburban Surfer,#403F33,#6E755F,#AFC2AA,#FFDEA1,#E64C10
Furious,#E0401C,#E6B051,#272F30,#F7EDB7,#9E2B20
Pearberry,#FFFFE4,#F2E5BD,#B9BF8E,#A69F7C,#8C6865
Skin Tone Colours,#FFE2C5,#FFEEDD,#FFDDAA,#FFC484,#FFDD99
Waterlime,#5C8A2D,#AFD687,#FFFFFF,#00C3A9,#008798
Magellan Orange,#D23600,#D95100,#DE6D00,#EE8900,#FCA600
Paparazzi,#4F3130,#FF1F3D,#5BE3E3,#FDFFF1,#8B9698
tasty,#F34A53,#FAE3B4,#AAC789,#437356,#1E4147
Copy of Stormy Orange,#FFFFFA,#A1A194,#5B605F,#464646,#FF6600
mountains,#012340,#026873,#83A603,#BBBF45,#F2F0CE
Oregon Coast,#21455B,#567D8C,#A59E8C,#8C8372,#F2F2F2
Blue Jeans and,#2A7A8C,#176273,#063540,#E6D9CF,#403D3A
Satellite of Love,#FDFF98,#A7DB9E,#211426,#6B073B,#DA8C25
october full moon,#002F36,#142426,#D1B748,#EDDB43,#FFFD84
Red Hot Revisited,#420000,#600000,#790000,#931111,#BF1616
cool-one,#3C989E,#5DB5A4,#F4CDA5,#F57A82,#ED5276
main cxcedar,#23A38F,#B7C11E,#EFF1C2,#F0563D,#2E313D
Visual Narrative A,#F5ECD9,#2BACB5,#B4CCB9,#E84D5B,#3B3B3B
Seattle Sunset,#324152,#47535E,#796466,#C1836A,#DEA677
Chlorophyll,#A5EB3C,#60C21E,#159E31,#53DB50,#C5FFCB
Cool Blues orange accent,#0A111F,#263248,#7E8AA2,#E3E3E3,#C73226
robocolor,#263138,#406155,#7C9C71,#DBC297,#FF5755
Sprinkler days,#003B59,#00996D,#A5D900,#F2E926,#FF930E
MGswatch 2,#00A19A,#04BF9D,#F2E85C,#F53D54,#404040
Wildflower,#036F73,#84CDC2,#FEF2D8,#F18C79,#EF504F
Old Camera,#174040,#888C65,#D9CA9C,#D98162,#A65858
Graceful,#3E3947,#735360,#D68684,#F1B0B0,#EBD0C4
Vanilla Coffee,#A8BAA9,#FFF5CF,#DBCDAD,#B39C7D,#806854
Blue Sky Day,#56797F,#87A0A4,#FCFBDC,#F2DDB6,#A6937C
Limestone Quarry,#60655F,#AB9675,#FFE0C9,#D4CCBA,#CF8442
Infographics 1,#0A7B83,#2AA876,#FFD265,#F19C65,#CE4D45
Vintage Green 2,#BDDFB3,#009D57,#2C372E,#0F2925,#465F3F
FMO actuel,#FFFFFF,#F4921E,#858585,#C5D2DB,#3E6B85
Japanese Modern,#000000,#910000,#CBB370,#FFFBF1,#21786C
Tibet inspiration,#11151E,#212426,#727564,#B9AA81,#690C07
Tenacity,#F78F00,#C43911,#75003C,#37154A,#0F2459
Orange and Blue Corporate,#003354,#91BED4,#D9E8F5,#FFFFFF,#F26101
21 Flat Business Icons,#343844,#2AB69D,#E65848,#FDC536,#FCF2D7
The 50s,#3DA8A4,#7ACCBE,#FFFFF7,#FF99A1,#FF5879
Lime Light and Shady,#64C733,#F0F0F0,#3E879E,#57524D,#36302B
Rio,#E34517,#F5FF53,#B4E85E,#00BD72,#0B4239
Eduardo,#59535E,#FAEEFF,#F1BAF3,#5D4970,#372049
zen master II,#5D7370,#7FA6A1,#B8D9B8,#D6EDBD,#FFF5BC
Ancient Star People,#A84B3A,#FF9F67,#233138,#FFF7F5,#4C646B
Wage Peace,#FF6F22,#D9984F,#FFE8A9,#3E4237,#32948A
yellow,#FFBE00,#FFDC00,#FFD10F,#FFDE20,#E8CA00
Ocean,#003840,#005A5B,#007369,#008C72,#02A676
Blues,#E1E6FA,#C4D7ED,#ABC8E2,#375D81,#183152
The Play Instinct,#222526,#FFBB6E,#F28D00,#D94F00,#80203B
antigravity,#F00807,#5F6273,#A4ABBF,#CCC9D1,#E2E1E9
Prep School Pendant,#BA2F1D,#FFF8A4,#F5E67F,#264A59,#1E2C30
Beach Glass 2,#EBD096,#D1B882,#5D8A66,#1A6566,#21445B
Obsolete advancements,#DFE0AF,#A4BAA2,#569492,#41505E,#383245
clear,#152737,#2B4E69,#799AA5,#FFFFF0,#682321
Marie Antoinette,#C44C51,#FFB6B8,#FFEFB6,#A2B5BF,#5F8CA3
vintage blue dario,#5ADED4,#4DAAAB,#26596A,#163342,#6C98A1
Citrus Fizz,#FF5B2B,#B1221C,#34393E,#8CC6D7,#FFDA8C
Civility,#3D4D4D,#99992E,#E6E666,#F2FFBF,#800033
A Light Unto My Pathway,#242424,#437346,#97D95C,#D9FF77,#E9EB9B
vintage red,#FFEBB0,#FFB05A,#F84322,#C33A1A,#9F3818
habitat,#4D2B2F,#E57152,#E8DE67,#FFEFC3,#C0CCAB
Beautiful landscapes,#3B3140,#BFB8A3,#F2E0C9,#F2B9AC,#D97E7E
YES YOU CAN,#A82221,#DB5E31,#EDA23E,#F2CB67,#BFB840
TOOL remix,#000001,#313634,#C7CECF,#5C0402,#941515
Cool Professional,#43464D,#9197A6,#D3DCF2,#7690CF,#48577D
Nano  Vrimo One,#EFDFBB,#9EBEA6,#335D6A,#D64F2A,#7A8A7F
Flat design colors 1,#334D5C,#45B29D,#EFC94C,#E27A3F,#DF5A49
moderne interieur,#F5F4E1,#D6C9B5,#B4AA97,#D44917,#82877A
indigo,#1F3642,#6D968D,#B6CCB8,#FFE2B3,#56493F
Business professional,#00132B,#7F9DB0,#C5E2ED,#FFFFFF,#F95900
pacific,#19162B,#1C425C,#6ABDC4,#F0E4C5,#D6C28F
365pp49 quantity over quality,#08A689,#82BF56,#C7D93D,#E9F2A0,#F2F2F2
Vintage Chocolate Drizzle,#849972,#D9D094,#A6A23E,#4F2F1D,#8F5145
Candy Coated,#F41C54,#FF9F00,#FBD506,#A8BF12,#00AAB5
mar vintage,#DE3961,#A4E670,#FFFFDC,#B3EECC,#00ADA7
Copy of Cote Azur gray,#00585F,#009393,#F5F3DC,#454445,#FF5828
Double Latte,#140B04,#332312,#B59D75,#E3D2B4,#FFF7EA
purty,#FF6138,#FFFF9D,#BEEB9F,#79BD8F,#00A388
Iconoclasm,#ED3B3B,#171F26,#77B59C,#F2E7B1,#635656
Amsterdam,#46594B,#A6977C,#D9B384,#734F30,#260B01
Skin Tones,#E8C1B9,#FFB3AB,#FFCAB8,#E8B69C,#FFCEAB
Strawberry Vanilla Chocolate,#CCB8A3,#FF8FB1,#FFF5EA,#4E382F,#B29882
vintage american,#B70000,#FFFFFF,#FFCA3D,#94C4F4,#0092B3
Coney Island,#053B44,#06736C,#A53539,#B9543C,#EAD075
Knight Drive,#E7F2DF,#69043B,#59023B,#231E2D,#161726
Health Food Store,#DE7047,#FFDE8D,#FFFFFF,#CDDE47,#528540
Bike Riders,#E82B1E,#E5DEAF,#A0B688,#557A66,#453625
Fresh  Creative Flat Colors,#E9662C,#EBAF3C,#00AC65,#068894,#2B2B2B
Sweet Street Dessert,#F1E6D4,#BA3D49,#791F33,#9F9694,#E3E1DC
Moxy,#2C3E50,#E74C3C,#ECF0F1,#3498DB,#646464
Amor Azul,#CED59F,#F1EDC0,#B1BEA4,#647168,#282828
Mockingbird,#8EAB99,#40232B,#D95829,#D97338,#DEC085
Wine Olives and Cheese,#170F0E,#290418,#505217,#FFD372,#FFF1AF
Corporate Orange  Olive,#46483C,#A0AA8F,#EBE3CB,#FFFFFF,#F26101
Detical,#263545,#C4273C,#D7DADB,#6DBCDB,#FFFFFF
green thumb,#075807,#097609,#70AF1A,#B9D40B,#E5EB0B
Misty Sky,#DCFAC0,#B1E1AE,#85C79C,#56AE8B,#00968B
Mad Men,#521000,#712800,#744E1D,#879666,#F1D98C
Watercolor moon,#261F26,#3F3B40,#6C7367,#BFBF8A,#F2E086
StraightBook Light,#2C3E50,#FC4349,#D7DADB,#6DBCDB,#FFFFFF
Posters,#3F4036,#8DA681,#F2E1C2,#BF2806,#8C1D04
driven,#506D7D,#94CCB9,#FFECA7,#FFB170,#F07D65
Warm and Nice,#1B3E59,#F2F0F0,#FFAC00,#BF0404,#730202
Settle,#EA6045,#F8CA4D,#F5E5C0,#3F5666,#2F3440
Sundried Tomato And Olive Bread In Little Italy,#990700,#CC542E,#FF964F,#FFCB7C,#787730
cvreative giants,#195073,#7F8C1F,#EE913F,#F2E5BD,#9FD7C7
Zoidberg,#F95759,#FDA099,#FFFFFF,#D9F3CB,#8AC2B0
Fall Grass,#265573,#386D73,#81A68A,#9FBF8F,#D4D9B0
summer catalog  v05,#E1DA36,#FFEA1B,#6FE4DA,#1DB0BC,#007BBC
Brave-2012-Movie-Wallpaper-828819,#013859,#185E65,#F9CC7F,#F15C25,#9E1617
fresh 09,#2E806C,#76CC99,#E0FFED,#FF5F3A,#D2413C
Botany Greens,#36CC7C,#D6FFBE,#94D794,#228765,#77A668
Tastebud Tickle,#94201F,#D4421F,#478A80,#D9E061,#F08835
Evening Slumber,#00393B,#00766C,#44A18E,#E5EDB6,#F6695B
Retro Rain,#FE4365,#FC9D9A,#F9CDAD,#C8C8A9,#83AF9B
camping,#F16233,#00B5B5,#F0F0F0,#3E4651,#5C6D7E
Jars of Clay,#734854,#F2F2E9,#D9D7C5,#A69580,#736766
Good Cop,#03497E,#0596D5,#9DEBFC,#8D7754,#FEB228
Into The Blue,#00557C,#186D94,#3488AD,#81C1DC,#BBE5F3
Citrus,#F0E14C,#FFBB20,#FA7B12,#E85305,#59CC0D
ice wine fruit,#DEE8D7,#918773,#420A1A,#240001,#4D493A
Limb kulers,#FFFFFF,#CAC535,#97AF25,#158471,#41342C
London,#02151A,#043A47,#087891,#C8C8C8,#B31D14
orange and lime,#FA8C01,#FF6405,#577700,#082400,#A0A600
Green Blue madness,#041F3D,#0B2E41,#165751,#448C61,#9AC16D
tasty,#F34A53,#FAE3B4,#AAC789,#437356,#1E4147
Baby,#78C0F9,#FFDDCE,#FFFFFF,#FFDBE6,#FE86A4
AREA 51 Underground Tunnel,#556354,#E68F0D,#8C948A,#495450,#42423F
French Girl,#58838C,#DAD7C7,#BF996B,#BF5841,#A61C1C
Vintage Poster,#351330,#CC2A41,#E7CAA4,#759A8A,#524549
Cool Modern,#323640,#5B6470,#8C94A1,#BDC7D6,#DFE2FF
Creative Influence,#FF0000,#FF950B,#2FA88C,#DEEB00,#4B2C04
Flat Style Color Set - 03,#3DBB7E,#A3CD39,#FBAC1D,#F96C1E,#EE4036
hope springs eternal,#4B5657,#969481,#D2C9B0,#F4E3C1,#B6B835
Consumers versus Marketers,#0F3D48,#174C5B,#366774,#ECECE7,#E96151
Waka Waka,#23363B,#A44F3F,#F8983D,#8D9151,#BBC946
High Tech,#849696,#FEFFFB,#232D33,#17384D,#FF972C
KathyChampion,#B8E1F2,#249AA7,#ABD25E,#F8C830,#F1594A
Fruity,#E8980C,#B1F543,#F2FF00,#FF5E00,#59BBAB
Happy Hipster,#555555,#7BB38E,#F4F1D7,#F8AB65,#F15C4C
Flat Design Colors,#334D5C,#45B29D,#EFC94C,#E27A3F,#DF4949
Iced Tea,#1D3C42,#67BFAD,#F2EC99,#F2C48D,#F25050
Spring asleep under snow,#FFFFF1,#D5FF9B,#8FB87F,#5A7B6C,#374E5A
MyOwn,#FFFFFF,#E5E1D1,#52616D,#2C343B,#C44741
Longwood Palette 2,#002A4A,#17607D,#FFF1CE,#FF9311,#E33200
Feather Friends,#FDEDD0,#BCF1ED,#FF634D,#FD795B,#FFF0AA
durenceau 1,#F16663,#F48D6C,#F2E07B,#8ABE9B,#4A6D8B
Blue Sky,#010340,#0E1E8C,#0003C7,#1510F0,#1441F7
Shiny New Shovel,#871E31,#CCC097,#9E9D7B,#687061,#262626
Pink Brigade Shades,#3D0D26,#660A3E,#891C56,#B0276F,#C93482
Knjiga,#1D1626,#F2E0BD,#BFAA8F,#8C786C,#594C4C
Bossa Nova,#001F11,#204709,#0C8558,#FFD96A,#FF4533
Temple of Love,#1D7561,#FC8448,#FF4138,#A8282B,#38141B
Morning in Afghanistan,#685D47,#913420,#1E2729,#C1D9C5,#FEEFB1
wonderful,#BF0633,#FF484E,#FF9273,#D1D0B4,#E5ECED
Sand and Shade,#8E9E63,#E6DBB0,#F5EED7,#C4BCA0,#176573
Hey there,#665446,#809994,#AECCB6,#DEF2C4,#E6683F
Down With Corporate Blues,#082136,#00294D,#004B8D,#0068C4,#2998FF
Lovers In Prague,#3C4631,#9A746F,#F8A2AB,#F1C6B3,#EAE9C0
Frank Lloyd Wright,#352C2B,#3C555C,#9E9657,#FFEBCD,#CD5510
high rollers,#FF534E,#FFD7AC,#BED194,#499989,#176785
SoyBean,#006D80,#BDA44D,#3C2000,#84CECC,#78A419
InfoReady Brand Option 2,#2C3E50,#FC4349,#6DBCDB,#D7DADB,#FFFFFF
Nature does not hurry yet everything is accomplished,#C8DBB6,#ECEBB7,#CCC68A,#B8B165,#827A5D
skater,#18293B,#5B5A56,#F2DEA0,#D0B580,#FFFBFF
berry soft olive,#523631,#D1BE91,#605E3A,#4D462F,#592F39
Muted Rainbow,#B3A589,#FFB896,#FFF9B1,#9AB385,#11929E
Shaken NOT Stirred,#324032,#B7C22C,#FFFFE1,#22A8B5,#2A3F42
Quick colors,#E8574C,#F27B29,#E6A51B,#D9CC3C,#399977
Rainbud,#272433,#343F4F,#3D6066,#77994D,#B2D249
classic vs vlassic,#7DA88C,#EBE9A0,#BED24B,#859132,#35323C
Nimbus,#023550,#028A9E,#04BFBF,#EFEFEF,#FF530D
Clouds in my coffee,#250701,#6D4320,#B0925F,#E7DEC0,#82ABB8
Millenarian,#594732,#40342A,#7A422E,#D4CA9A,#EDE5AE
Pastel Family,#3FB8AF,#7FC7AF,#DAD8A7,#FFB38B,#FF3F34
Jamba Juice,#CA3995,#F58220,#FFDF05,#BED73D,#61BC46
1979,#013C4D,#BA5B22,#DB913C,#F0B650,#FAD46B
AlternativeGarden,#1A4F63,#068587,#6FB07F,#FCB03C,#FC5B3F
Modern Classic,#143840,#5C6B63,#A69E89,#E0C297,#D96523
Mountain lake,#001325,#187072,#90BD90,#D7D8A2,#F2E4C2
28X Nordic Kitchen,#403D33,#807966,#CCC2A3,#8C0000,#590000
Red Hot Edited,#FFE1D0,#FFBFB4,#FF837E,#FF4242,#BF1616
Aint Misbehavin,#E1F03E,#FFBA14,#DB3A0F,#A1003D,#630024
Urban Greenery,#97B350,#333230,#736D61,#BAAB90,#FFE5BA
Joyful Christmas,#C4EEFF,#7BA32D,#094201,#A41717,#C48726
Stjon,#BF355D,#ED8168,#FAB66A,#F2DC86,#83BFA1
Organic Panic,#5F8A42,#86AD59,#F6FAA1,#F28410,#D66011
Sweet Sugar,#FE4365,#FC9D9A,#F9CDAD,#C8C8A9,#83AF9B
Liberal Corporation,#293B47,#5F7A87,#FFFFFF,#CBFF48,#00ADA9
Continuous PHP 3 - rev 2,#0C304A,#2B79A1,#F3F4F1,#85A71E,#BFD841
Vintage Spring,#008B83,#4DAE83,#A0AE79,#FFE499,#FF665E
Clouds of Sadness,#212226,#45433F,#687067,#BDBB99,#F0EAC3
One For The Masses,#282A33,#697371,#FFE7A6,#F5BA52,#FA8000
Follow Your Dreams,#5D7359,#E0D697,#D6AA5C,#8C5430,#661C0E
Couture Gold,#DC941B,#EDC266,#B6952C,#E1D3A6,#E9A119
Orange and Blue tomato,#324452,#97BDBF,#F2DFBB,#F28705,#BF3604
explorations in clay,#EEEFB9,#6ACFAE,#369C93,#232928,#B03831
first day,#2B2830,#5C504F,#ABAB8E,#D9D7A3,#C7BE88
Copy of Aruba,#332F45,#015770,#2A8782,#9FD6AE,#FFFED2
corporate blew,#00305A,#00448D,#0074D9,#4192D9,#7ABAF2
Beach with gray sky,#344459,#485F73,#5DA6A6,#A9D9CB,#F2EAD0
Bon noche,#060719,#4D1B2F,#9E332E,#EB6528,#FC9D1C
Sunny Beach Day,#96CEB4,#FFEEAD,#FF6F69,#FFCC5C,#AAD8B0
American Toy,#05F2F2,#04BFBF,#EEF1D9,#A60201,#7E100E
blue grey,#E6F1F5,#636769,#AAB3B6,#6E7476,#4B4E50
Popsicles,#DA0734,#F1A20D,#4AABB1,#FCF3E7,#3F1833
Magazine,#202D44,#FC4349,#6DBCDB,#D7DADB,#FFFFFF
Vintage American,#CC3B37,#398899,#FFFCE8,#FF857F,#CCC1A3
California,#5DBEA9,#EFEDDF,#EF7247,#4E3F35,#D1CBBA
Amber Waves,#FFC62D,#E49400,#DD5200,#EFE38A,#91B166
retro poster,#C71B1B,#D6BA8A,#017467,#E08F23,#0B0D0C
Curry Powder,#B67D14,#F2921F,#F0B23E,#A62409,#441208
Silver,#474143,#A69E9D,#E7E2DA,#FFFFFF,#E7E8E7
Happiness,#6DD19D,#99E89D,#D0E8A1,#FFF9C0,#D40049
Expo,#435772,#2DA4A8,#FEAA3A,#FD6041,#CF2257
Black Knight,#000000,#141414,#1C1919,#1A1716,#24201F
Flat User Interface 5,#195962,#F56F6C,#FFFFFF,#252932,#191C21
Echo Beach at Dusk,#FAF1D5,#DEC9AC,#CCA18B,#11282D,#A5C4BB
PASTEL PASTEL PASTEL (lab),#F8EFB6,#FEBAC5,#6CD1EA,#FACFD7,#C2EAE9
old man winter  ver 04,#D5D8DD,#5CA2BE,#135487,#2A4353,#989DA4
CS6,#73161E,#BF0F30,#BFB093,#037F8C,#0A2140
mistaken identity,#91D6BC,#768C6A,#755F31,#B37215,#FFBA4B
Metro,#F2E6BB,#DD4225,#202724,#63BD99,#F8FDD8
Siena,#762B1B,#807227,#CCBF7A,#FFEF98,#60B0A1
Sunshine in rain,#707864,#C1D74E,#F5FF7C,#DFE6B4,#A6B89C
Tenhert The Doe,#FFF3D2,#97B48F,#E87657,#FF9B6F,#E8D495
Cool World,#FFF7CC,#CCC28F,#70995C,#33664D,#142933
Overheard,#33262E,#733230,#CC5539,#E6D27F,#86A677
Will Tura,#122430,#273E45,#FFFCE2,#EBD2B5,#E63531
Seaman,#30394F,#FF434C,#6ACEEB,#EDE8DF,#FFFBED
Essentially,#0A3A4A,#196A73,#32A6A6,#A1BF36,#C8D94A
My Aspen Gray,#43464D,#9197A6,#D3DCF2,#7690CF,#48577D
Audacity,#B52841,#FFC051,#FF8939,#E85F4D,#590051
Band Palette,#DFE0AF,#A4BAA2,#569492,#41505E,#383245
Muriel,#DB4C39,#2D3638,#109489,#44D487,#D0DB86
A Hipster Palette,#42282E,#75A48B,#D9CFB0,#DC9B74,#D6665A
Vintage Beach Wear,#473C35,#A36D5C,#9C968B,#D9CEAD,#8A866A
Grass and Sand,#6F8787,#AEC2AE,#E6DFAE,#B0B57B,#888F51
Nunally,#C8385A,#FFCF48,#ECEABE,#1FCECB,#1CA9C9
Marilyn Monrose,#98293A,#B14A58,#C86C6B,#DE9D76,#EFC77F
Civil,#362F2D,#4C4C4C,#94B73E,#B5C0AF,#FAFDF2
Sunny leaves,#C1D301,#76AB01,#0E6A00,#083500,#042200
Purple Wants to Talk,#2B1B2E,#54344D,#FFFFD6,#B89E95,#6E444F
Cocktail with pistchio avant lunch,#541E32,#8E3557,#88A33E,#C2BD86,#F7F2B2
Royal Red,#453F22,#7A6B26,#CCAD5C,#A1191F,#4E1716
Beach Mint,#6EC1A5,#9FBEA6,#F5D3A3,#FF9F88,#FB7878
Cosy days,#2F252C,#D3CCB2,#99AD93,#6E6751,#5C3122
Gold,#F2DA91,#F2B950,#F29D35,#D96704,#BF4904
NeoFrog,#F0F1F2,#232625,#647362,#B3D929,#D2D9B8
bright is right,#FA2B31,#FFBF1F,#FFF146,#ABE319,#00C481
Vintage retro grunge coffee and restaurant labels badge,#BE333F,#F2E9CE,#C8C5B1,#939F88,#307360
Szymborska,#150033,#310D42,#5C2445,#AB6946,#FFCE4C
COMFAB,#23A38F,#B7C11E,#EFF1C2,#F0563D,#2E313D
Sailor Man,#09455C,#527E7C,#F5FFCC,#E0EB6E,#C4D224
Vintage Red CMYK,#A2CFA5,#E0E7AB,#F5974E,#E96B56,#D24344
Fruits,#FF2468,#E0D4B1,#FFFFE3,#00A5A6,#005B63
Copy of CC02,#65A683,#218777,#3F585F,#47384D,#F53357
new Alternative bananas,#112F41,#068587,#6FB07F,#FCB03C,#FC5B3F
philosophy,#E65322,#D19552,#B8BF73,#B6DB83,#FFF991
Overcast sky,#000623,#28475C,#4A6C74,#8BA693,#F0E3C0
My favorite is Van Gogh,#C89B41,#A16B2B,#77312B,#1C2331,#152C52
Throwback Saltwater Taffy,#C24366,#D9C099,#FFF8D8,#A8E0BA,#00ADA7
Italian Restaurant,#CC0000,#006600,#FFFFEC,#9C9178,#6C644F
Fuji splash,#CFC7A4,#5A9E94,#005275,#002344,#A38650
Copy of Mini Stats UI,#445859,#03A696,#49C4BE,#F1F2E4,#FF7746
Botticelli,#FA726C,#FFD794,#BAD174,#3BA686,#5F6F8C
Blood Orange Flavour,#FFEBC3,#CC3A00,#FF3600,#FF851B,#800C00
Flat Stamps,#EFC164,#F3835D,#F35955,#286275,#00434C
emotion intensity,#3D0319,#720435,#C1140E,#FC5008,#32241B
Google Flat 1,#4385F5,#DC4437,#FCBE1F,#109D59,#FFFFFF
Lavender Clouds,#E9F29D,#B7C29D,#878E8F,#67617A,#51456B
Copy of Flat colors,#0B2C3C,#FF6666,#DADFE1,#FFFFFF,#444444
Chocolate  chill jazz,#4D2B1F,#635D61,#7992A2,#97BFD5,#BFDCF5
Adventures of Tin Tin,#CC4D00,#E6CF73,#668059,#264D4D,#00CCB3
Manhattan Tea,#271F2E,#A4A680,#F2EBC9,#D9B166,#A66B38
Subtlety of Hue Spring Jackets,#302B26,#A6B827,#EDE9DD,#98D3D4,#594E7A
endeavor 1,#CFF09E,#A8DBA8,#79BD9A,#3B8686,#0B486B
Easy Come Easy Go,#B52C38,#EBD1B0,#536682,#D9964B,#DE6846
Old Glory,#4B0505,#720707,#BFB694,#004659,#00292B
Brownie,#26140C,#3D2216,#784E3D,#AB8574,#D6BCB1
Light House,#1F8181,#F2BC79,#F28972,#BF1B39,#730240
mute gold bar,#F2F1DF,#F2B705,#F2C84B,#BF820F,#734002
Morning Coffee,#26221D,#8C2C0F,#E6E5B8,#BFB38D,#402D1F
roast,#2D1E1E,#4B3C37,#96A576,#CDE196,#FFFFBE
spring rock,#8EC447,#FFFFFF,#96D3D4,#636466,#2D2D2E
Copy of lollapalooza,#002635,#013440,#AB1A25,#D97925,#EFE7BE
Tufte,#1D8281,#44BF87,#FBD258,#F29A3F,#DB634F
Romance,#F06060,#FA987D,#F7F2CB,#72CCA7,#10A296
summer bliss,#DEDE91,#EF9950,#F34E52,#C91452,#492449
Underwater Kiss,#3D8080,#628282,#858383,#A38282,#C28080
Green House,#00CD73,#008148,#2D9668,#3ECD8E,#004E2C
Business Blues  Browns,#6D8EAD,#1F3447,#1A0B07,#362416,#CFCDB4
Wings of a Dove,#475159,#839795,#B2BDB7,#CCC9C0,#F2F2F2
Bright Flats,#292C44,#FF5349,#F0F0F1,#18CDCA,#4F80E1
Heart Of Steel,#272A2B,#383737,#473B39,#692B28,#940500
Copy of Skyblue1,#CEF0B7,#A8DBA8,#79BD9A,#3B8686,#0B486B
Rertro O rama,#D6C274,#DB9E46,#25706B,#3D2423,#AB362E
Multicolor Vintage,#0E6870,#C6B599,#C65453,#FFDDB4,#EDAA7D
Alices Summer Colors,#FFA68F,#FF4867,#FFF9C8,#B5EBB9,#18B29D
Vicki,#A1A16A,#727D59,#366353,#133C40,#03212E
News letter,#D45354,#A9DC3A,#2FCAD8,#818B85,#CDCDC1
Skin Tone Colours,#FFE2C5,#FFEEDD,#FFDDAA,#FFC484,#FFDD99
NP 7,#F14B6A,#3D3C3E,#22BDAF,#BAD7D4,#F4F4F4
Eel,#9FFF4A,#1ABF93,#087363,#004040,#2F1933
Ada Lovelace,#991C00,#E09A25,#FFFCDB,#008B83,#262B30
earthTone1,#FFDB97,#B28F4E,#FFFDFB,#466CB2,#97BBFF
Trippin,#105F73,#F7F3B2,#C6CC33,#F28322,#CC5404
TRENDINGTOPIC,#44281A,#00ACAE,#F5EFD5,#F37606,#EE4717
PacPillyColours,#FF5952,#FCEEC9,#96D6D9,#4FAAC9,#176075
Copy of Copy of vintage card,#5C4B51,#8CBEB2,#F2EBBF,#A5C88F,#EF847B
1968,#137072,#56B292,#B7F5AB,#FBFFC0,#BF223D
new planet,#E3F23E,#6C821C,#A6A53F,#E0E0AC,#33302E
me gustas tu,#BE1405,#F2DCAC,#AABEAA,#736E41,#413C2D
Complementary blue,#00215E,#003CAA,#1967F7,#5E4000,#AA7400
summer sizzle,#FFAA00,#C2B93E,#808F5D,#576157,#302F30
la vie en rose,#6B1229,#C76A61,#FAB99A,#F7D9B5,#CCB1A7
Miles,#273A3D,#54695C,#AD9970,#FFBF87,#FF8F60
polka my dotz,#F30B55,#010326,#012840,#54717F,#F2E6CE
The Flight,#2D9993,#58B3A3,#83BFA3,#B0D9A8,#FFFCB6
Copy of Flat design colors 1,#334D5C,#45B29D,#EFC94C,#E27A3F,#DF5A49
If Only,#637D74,#403D3A,#8C3B3B,#AB6937,#D4A960
Wine Estate,#2A3411,#73662C,#BC9847,#FFDFB2,#6B0031
Navy Blue Light Red,#010A26,#011640,#B6D6F2,#FFFFFF,#E83338
Orange and Blue,#022440,#3F95AA,#4EC6DE,#EAE2DF,#F7572F
alone in a cafe,#924847,#EB986C,#E4C678,#9C7885,#372C2C
Hope,#2B1D2E,#323657,#076473,#54B087,#D6F567
Data Driven,#1D2939,#1CAF9A,#FFFFFF,#EE4F4B,#D1DC48
GID33 carrot,#4C2916,#F05A28,#FBAF3F,#38B449,#FFFFFF
Vintage Cuban Maracas,#4C514A,#907A62,#879796,#755854,#B09880
sea slug,#052229,#004043,#BCC373,#E3FF55,#D0D90C
New Year Greetings to all,#004B67,#41CCB4,#FFEA95,#FF7C5D,#C70151
Jaws,#C0272D,#FCFBE7,#9FD3DA,#008C9A,#05484F
Subtlety of Hue An Interest of Choice,#213130,#FF5E3D,#C9C83E,#FDFFF1,#559398
Nicoletta Revival,#DECE6C,#FCF9B6,#BFE3B5,#5D826E,#262E2B
Skyjack,#B1E4FC,#366D78,#39D5F1,#FFFFFF,#D9FF03
coffee,#BD7938,#8D4421,#643001,#532700,#3A1C00
chocolate surprise,#520A17,#668F91,#F5E6AC,#AB8E5B,#52301C
Camping cyclist,#2D3032,#DD5F18,#FBA922,#F7F7F7,#404333
Copy of A Creative Corridor,#2E4259,#F7483B,#ECF0F1,#03C8FA,#737373
parapluie,#0C2538,#2B434F,#638270,#BCC98E,#EDE059
Leap,#0A8B91,#485956,#C4B98F,#FFF9BC,#EEDF2E
The Service Manual,#BF2633,#A6242F,#D9CEAD,#C0B18F,#011C26
Copy of Longwood Palette 2,#002A4A,#17607D,#FFF1CE,#FF9311,#E33200
Please keep moving,#E85066,#F28E76,#E6CEB0,#5A8C81,#382837
Vintage Beach,#B89A7B,#9BBAAC,#F2D649,#D95D50,#DBDBDB
try,#364656,#5D6B74,#94A4A5,#F2F5E9,#FF8C31
Blue World rgb,#E1E6FA,#C4D7ED,#ABC8E2,#375D81,#183152
Clownfish Anemone,#3E5916,#93A605,#F28705,#F25C05,#E5EFFA
Calm and clean,#D74B4B,#DCDDD8,#475F77,#354B5E,#FFFFFF
Vintage California,#248077,#74AD8D,#C82754,#F7BB21,#F9E2B7
sustainable design,#20736A,#8BD9CA,#B1D95B,#93A651,#403E34
Pink Power - Grand Hotel Geranium Pink Pink Flutter Gravity Berrylicious New Black,#EE7E94,#F8B4C4,#C7CAC9,#D8505C,#414247
Fly Fishing,#252F33,#415C4F,#869C80,#93C2CC,#CEEAEE
Tidal Wave,#012840,#79C7D9,#9BF2EA,#497358,#9DBF8E
Dreamy valentine,#470C3B,#802F56,#C0576F,#E38679,#FFBD83
Bright Modern,#004358,#1F8A70,#BEDB39,#FF5347,#FD7400
Prairie Sunset,#573328,#B05A3A,#FF8548,#29332E,#0F1B1C
oxygenna v1,#282828,#505050,#FFFFFF,#2DCEDB,#F20000
SoH Raspberry and Pistachio Icecream,#461F2D,#E1FFBB,#BAD47F,#849C23,#52533F
Stormy Daze,#333A40,#4C5E5E,#ADD0E5,#CDE4FF,#729EBF
Tearing Away,#76D6D2,#F9E270,#EF6F56,#F4EED8,#596B56
Vitamin seas,#024E76,#39A6B2,#FCE138,#F5B824,#F08106
Amazing Grey 2,#403E3F,#F2F2F2,#D9D9D9,#9DAABB,#8C8C8C
TickTack,#DE5605,#F7A035,#B1DEB5,#EFECCA,#65ABA6
London Bridge,#059E9A,#F4F2ED,#F5A243,#DB3E3B,#585857
hazy summer,#2C4A47,#6C9A7F,#BB523D,#C89D11,#81810B
FILOKAT HEADQUARTERS COLORS,#FFBF41,#EE8943,#C02221,#FFF4D3,#249CA9
Merry berry and fresh lime,#FF0067,#FF3D6A,#E7FF04,#9CFF00,#56FF00
retweet,#FF493C,#FFFFFF,#B3ECEF,#31C4F5,#ADEB41
Copy of The Small Existence,#003540,#0D3F40,#487360,#8FA671,#F2D795
subtle grey  green and orange,#F0F1F2,#232625,#647362,#FF5629,#D2D9B8
Clever Design 2,#EA5930,#F8AF1E,#F5E5C0,#097380,#372560
beachsunset,#047C8C,#018B8D,#F3BF81,#F49B78,#F1706D
ladybug,#244358,#4A8B87,#7CBCAE,#F0D4AF,#C5252B
Brigadeiro03,#A1DBB2,#FEE5AD,#FACA66,#F7A541,#F45D4C
Blue Mountain,#00303E,#7096AD,#C1D1DE,#FFF9EF,#EC4911
Patriotic,#001A2E,#8F0000,#FFFFFF,#8A874B,#41594F
Fresh Water,#7C9B5F,#B8D197,#E3FFF3,#9BDEC7,#568F84
eggsalad,#E54E45,#DBC390,#F2F2EF,#13A3A5,#403833
Google Flat 2,#77A7FB,#E57368,#FBCB43,#34B67A,#FFFFFF
Silence,#312F40,#49A69C,#EFEAC5,#E89063,#BF5656
Vines for Wines,#47282C,#8C8468,#C9B37F,#DBDAB7,#C4C49C
Tigers Eye,#040002,#3D1309,#E8B96A,#BC5D15,#5C0F00
Cold Purple,#22104D,#2D1E5E,#483A85,#7067AB,#A49CFA
Candystand,#37C78F,#FEE293,#FF4D38,#CC2249,#380C2A
summer catalog  v04,#2D6891,#70A0BF,#F5EEDC,#DC4C1A,#F0986C
Bubonic Kiss,#8B929C,#5E6070,#514454,#3B313D,#FF2479
Mid Century,#919C86,#9E373E,#2B2E36,#D1B993,#C45A3B
Maiolica summer,#142D58,#447F6E,#E1B65B,#C8782A,#9E3E17
Aruba,#332F45,#015770,#2A8782,#9FD6AE,#FFFED2
Cool grey,#F5E3CD,#696158,#B6A898,#877D71,#504A43
Japanese Art,#14191A,#2D2B21,#A69055,#CCB287,#FFB88C
Blue Progression,#03013A,#334A94,#6B9EDF,#83C3F2,#99E6FF
Copy of Casual Cool  Calm,#D95F47,#FFF2C1,#80A894,#106153,#072C36
Spring Green Explosion,#25401E,#56732C,#84A63C,#B8D943,#EAF2AC
Quindell Alternative,#005151,#009393,#F56200,#454445,#969692
Flat 6,#449BB5,#043D5D,#EB5055,#68C39F,#FFFCF5
Ship Wreck,#372A26,#4D4D4D,#6DA0A7,#9ED5A8,#C7F5FF
Summer Rio 12,#9E352C,#E6E8A9,#93C28C,#2E5A5C,#2B2623
california,#03658C,#022E40,#F2B705,#F28705,#F25C05
JavaBlue,#D7E8F7,#BBD0E3,#9CB7CF,#6A8BAB,#375D81
Barcelona,#FF3B16,#E87826,#E8BA4A,#80A272,#003045
plate,#00748E,#E3DFBB,#F4BA4D,#E3753C,#DA3B3A
Village At Night,#381C19,#472E29,#948658,#F0E99A,#362E29
ECO,#108F97,#FF8B6B,#FFE39F,#16866D,#103636
Copy of Close to the Garden but more Teal,#1A4F63,#068F86,#6FD57F,#FCB03C,#FC5B3F
Skyset,#0F1C28,#136972,#67BFA7,#F3CF5B,#F07444
Robotron,#FFFFFF,#4EA9A0,#969514,#FE9C03,#FCDE8E
lazy Purple blend,#2F2D30,#656566,#65537A,#51386E,#2A2333
2014 Trends By WrinkleBox,#ECEEE1,#A8DACF,#F05B4F,#D8403A,#221E1F
Planet  Scheme,#00305A,#004B8C,#0074D9,#4192D9,#7ABAF2
Fairground,#132537,#006C80,#EBCAB8,#FE8315,#FA3113
Green Chili,#72CF3F,#85FF00,#23E000,#2FB81B,#00FF1C
Ping Pong,#FF5B00,#A1716C,#728296,#439AAB,#00CABD
Copy of Bookstore,#D94214,#FFF2C1,#80A894,#52736B,#093844
retro 50s  kitchen,#331A0F,#519994,#BA4B3C,#EEDDAA,#789F63
labibledelentrepreneur - Kuler,#4D1B2F,#9E332E,#EB6528,#FC9D1C,#FFCA50
Licorice Oz,#FFEEB0,#9AE8A4,#C7C12D,#F76245,#ED1C43
The Small Existence,#022840,#013440,#517360,#9DA67C,#F2DC99
Movement,#EB6C2D,#D9C8A2,#939C80,#496158,#232F38
